investor_id,name,type,hq_country,geography_focus,stage_focus,ticket_min_eur,ticket_max_eur,sectors,thesis,portfolio_examples,website,contact_email,thesis_fit,stage_fit,ticket_fit,geo_fit,rationale,total_score,rank
INV0089,Vega Group,Family Office,Germany,DACH,Seed; Series A,250000,2000000,Radiology AI; Clinical Software; Diagnostics,"DACH-focused fund investing in Radiology AI, Clinical Software and adjacent life-science tooling from Seed to Series A. Values reimbursement strategy and health-system pilots over pure research.","RehabLoop, Radiant Dx",https://www.vegagroup.example.com,contact@vegagroup.example.com,100,100,100,100,Rubric-based demo scoring (offline mode).,100.0,1
INV0194,Linden Growth,VC,Austria,DACH,Seed,250000,2000000,Diagnostics; HealthTech; Radiology AI,"Backs Seed-to-Seed companies transforming healthcare delivery in DACH, with a focus on Diagnostics and HealthTech. Looks for clinical validation and regulatory awareness (MDR/CE).","Radiant Dx, DermaCheck, NeuroBeam",https://www.lindengrowth.example.com,contact@lindengrowth.example.com,100,100,100,100,Rubric-based demo scoring (offline mode).,100.0,2
INV0452,Zurich Holding,Family Office,Austria,DACH,Seed; Series A; Series B,500000,2000000,AI in Healthcare; Digital Health; Clinical Software,"DACH-focused fund investing in AI in Healthcare, Digital Health and adjacent life-science tooling from Seed to Series B. Values reimbursement strategy and health-system pilots over pure research.","TriageOS, VitalGraph, PulseWare",https://www.zurichholding.example.com,contact@zurichholding.example.com,100,100,80,100,Rubric-based demo scoring (offline mode).,96.0,3
INV0416,Signal Venture Partners,VC,Germany,DACH,Pre-Seed; Seed,500000,4000000,Medical Devices; HealthTech; Clinical Software,Invests in Medical Devices and HealthTech startups at Pre-Seed stage across DACH. Thesis: software and AI will absorb routine clinical workflows; strong preference for founder-led commercial traction in hospitals.,"TriageOS, ScanIQ",https://www.signalventurepartners.example.com,contact@signalventurepartners.example.com,100,100,80,100,Rubric-based demo scoring (offline mode).,96.0,4
INV0517,Hansa Ventures,VC,Germany,DACH,Seed; Series A,500000,2500000,Radiology AI; AI in Healthcare; Clinical Software,Specialist healthcare investor backing Radiology AI companies in DACH. Sweet spot Seed; frequently co-invests with strategic medtech corporates and follows on through Series A.,"DermaCheck, OrthoSense, PathLens",https://www.hansaventures.example.com,contact@hansaventures.example.com,100,100,80,100,Rubric-based demo scoring (offline mode).,96.0,5
INV0273,Marble Venture Partners,VC,Austria,DACH,Pre-Seed; Seed,500000,4000000,Digital Health; Clinical Software; Radiology AI,"DACH-focused fund investing in Digital Health, Clinical Software and adjacent life-science tooling from Pre-Seed to Seed. Values reimbursement strategy and health-system pilots over pure research.","RehabLoop, CarePilot, VitalGraph",https://www.marbleventurepartners.example.com,contact@marbleventurepartners.example.com,100,100,80,100,Rubric-based demo scoring (offline mode).,96.0,6
INV0004,Quantum Venture Partners,VC,Germany,DACH,Seed; Series A,500000,2500000,AI in Healthcare; Radiology AI; HealthTech,"Backs Seed-to-Series A companies transforming healthcare delivery in DACH, with a focus on AI in Healthcare and Radiology AI. Looks for clinical validation and regulatory awareness (MDR/CE).","MediNotes, PathLens",https://www.quantumventurepartners.example.com,contact@quantumventurepartners.example.com,100,100,80,100,Rubric-based demo scoring (offline mode).,96.0,7
INV0053,Donau Partners,VC,Germany,DACH,Seed; Series A; Series B,500000,1500000,HealthTech; Digital Health; Clinical Software,"Backs Seed-to-Series B companies transforming healthcare delivery in DACH, with a focus on HealthTech and Digital Health. Looks for clinical validation and regulatory awareness (MDR/CE).","PathLens, TriageOS, OrthoSense",https://www.donaupartners.example.com,contact@donaupartners.example.com,100,100,80,100,Rubric-based demo scoring (offline mode).,96.0,8
INV0444,Helix Group,Family Office,Netherlands,Europe,Pre-Seed; Seed; Series A,250000,2000000,Radiology AI; HealthTech,"Backs Pre-Seed-to-Series A companies transforming healthcare delivery in Europe, with a focus on Radiology AI and HealthTech. Looks for clinical validation and regulatory awareness (MDR/CE).","Radiant Dx, PulseWare",https://www.helixgroup.example.com,contact@helixgroup.example.com,97,100,100,65,Rubric-based demo scoring (offline mode).,95.2,9
INV0399,Baltic Vermögensverwaltung,Family Office,Netherlands,Europe,Seed,250000,2000000,Medical Devices; AI in Healthcare,"Backs Seed-to-Seed companies transforming healthcare delivery in Europe, with a focus on Medical Devices and AI in Healthcare. Looks for clinical validation and regulatory awareness (MDR/CE).","VitalGraph, TriageOS",https://www.balticvermoegensverwaltu.example.com,contact@balticvermoegensverwaltu.example.com,97,100,100,65,Rubric-based demo scoring (offline mode).,95.2,10
INV0422,Delta VC,VC,Germany,DACH,Seed; Series A; Series B,250000,1250000,Medical Devices; HealthTech,"Backs Seed-to-Series B companies transforming healthcare delivery in DACH, with a focus on Medical Devices and HealthTech. Looks for clinical validation and regulatory awareness (MDR/CE).","MediNotes, OrthoSense",https://www.deltavc.example.com,contact@deltavc.example.com,97,100,80,100,Rubric-based demo scoring (offline mode).,94.7,11
INV0371,Zenith Capital,VC,Germany,DACH,Pre-Seed; Seed,250000,2000000,Diagnostics; Medical Devices,"DACH-focused fund investing in Diagnostics, Medical Devices and adjacent life-science tooling from Pre-Seed to Seed. Values reimbursement strategy and health-system pilots over pure research.","ScanIQ, DermaCheck",https://www.zenithcapital.example.com,contact@zenithcapital.example.com,88,100,100,100,Rubric-based demo scoring (offline mode).,94.6,12
INV0396,Elbe Venture Partners,VC,Germany,DACH,Seed,250000,2000000,BioTech; Radiology AI; Digital Health,Invests in BioTech and Radiology AI startups at Seed stage across DACH. Thesis: software and AI will absorb routine clinical workflows; strong preference for founder-led commercial traction in hospitals.,"CardioLink, MediNotes, Radiant Dx",https://www.elbeventurepartners.example.com,contact@elbeventurepartners.example.com,88,100,100,100,Rubric-based demo scoring (offline mode).,94.6,13
INV0223,Tessel VC,VC,Switzerland,DACH,Seed,250000,2000000,BioTech; Digital Health; Radiology AI,Invests in BioTech and Digital Health startups at Seed stage across DACH. Thesis: software and AI will absorb routine clinical workflows; strong preference for founder-led commercial traction in hospitals.,"DermaCheck, SurgIQ",https://www.tesselvc.example.com,contact@tesselvc.example.com,88,100,100,100,Rubric-based demo scoring (offline mode).,94.6,14
INV0013,Marble Group,Family Office,Switzerland,DACH,Pre-Seed; Seed,250000,1500000,Digital Health; AI in Healthcare,"Backs Pre-Seed-to-Seed companies transforming healthcare delivery in DACH, with a focus on Digital Health and AI in Healthcare. Looks for clinical validation and regulatory awareness (MDR/CE).","MediNotes, ScanIQ",https://www.marblegroup.example.com,contact@marblegroup.example.com,88,100,100,100,Rubric-based demo scoring (offline mode).,94.6,15
INV0100,Polar Growth,VC,Germany,DACH,Seed; Series A,500000,2500000,AI in Healthcare; Clinical Software; Digital Health,Specialist healthcare investor backing AI in Healthcare companies in DACH. Sweet spot Seed; frequently co-invests with strategic medtech corporates and follows on through Series A.,"TriageOS, PulseWare, MediNotes",https://www.polargrowth.example.com,contact@polargrowth.example.com,96,100,80,100,Rubric-based demo scoring (offline mode).,94.2,16
INV0220,Vertex Capital,VC,United Kingdom,Europe,Seed; Series A; Series B,500000,4000000,AI in Healthcare; Clinical Software; Radiology AI,Invests in AI in Healthcare and Clinical Software startups at Seed stage across Europe. Thesis: software and AI will absorb routine clinical workflows; strong preference for founder-led commercial traction in hospitals.,"LabBridge, VitalGraph, Radiant Dx",https://www.vertexcapital.example.com,contact@vertexcapital.example.com,100,100,80,65,Rubric-based demo scoring (offline mode).,92.5,17
INV0176,Femto Ventures,VC,Italy,Europe,Seed; Series A,500000,2500000,Radiology AI; Medical Devices,"Backs Seed-to-Series A companies transforming healthcare delivery in Europe, with a focus on Radiology AI and Medical Devices. Looks for clinical validation and regulatory awareness (MDR/CE).","OrthoSense, CarePilot",https://www.femtoventures.example.com,contact@femtoventures.example.com,100,100,80,65,Rubric-based demo scoring (offline mode).,92.5,18
INV0346,Tyrol Partners,VC,United Kingdom,Europe,Seed; Series A; Series B,250000,1250000,BioTech; Diagnostics; HealthTech,"Backs Seed-to-Series B companies transforming healthcare delivery in Europe, with a focus on BioTech and Diagnostics. Looks for clinical validation and regulatory awareness (MDR/CE).","LabBridge, Radiant Dx",https://www.tyrolpartners.example.com,contact@tyrolpartners.example.com,97,100,80,65,Rubric-based demo scoring (offline mode).,91.2,19
INV0081,Vega Family Office,Family Office,Denmark,Europe,Seed; Series A,250000,2000000,BioTech; Digital Health; Diagnostics,Invests in BioTech and Digital Health startups at Seed stage across Europe. Thesis: software and AI will absorb routine clinical workflows; strong preference for founder-led commercial traction in hospitals.,"TriageOS, Klinix, OncoView",https://www.vegafamilyoffice.example.com,contact@vegafamilyoffice.example.com,88,100,100,65,Rubric-based demo scoring (offline mode).,91.1,20
INV0504,Zenith Beteiligungen,Family Office,Germany,DACH,Pre-Seed; Seed; Series A,250000,2000000,Clinical Software; Digital Health,"DACH-focused fund investing in Clinical Software, Digital Health and adjacent life-science tooling from Pre-Seed to Series A. Values reimbursement strategy and health-system pilots over pure research.","OncoView, DermaCheck, PulseWare",https://www.zenithbeteiligungen.example.com,contact@zenithbeteiligungen.example.com,79,100,100,100,Rubric-based demo scoring (offline mode).,90.6,21
INV0439,Nord Corporate Ventures,CVC,Austria,DACH,Pre-Seed; Seed; Series A,500000,4000000,Medical Devices; BioTech; Digital Health,Invests in Medical Devices and BioTech startups at Pre-Seed stage across DACH. Thesis: software and AI will absorb routine clinical workflows; strong preference for founder-led commercial traction in hospitals.,"VitalGraph, PathLens, NeuroBeam",https://www.nordcorporateventures.example.com,contact@nordcorporateventures.example.com,88,100,80,100,Rubric-based demo scoring (offline mode).,90.6,22
INV0465,VegaCare Innovation Fund,CVC,Germany,DACH,Seed; Series A; Series B,500000,2500000,Clinical Software; AI in Healthcare,"Backs Seed-to-Series B companies transforming healthcare delivery in DACH, with a focus on Clinical Software and AI in Healthcare. Looks for clinical validation and regulatory awareness (MDR/CE).","MediNotes, OrthoSense, VitalGraph",https://www.vegacareinnovationfund.example.com,contact@vegacareinnovationfund.example.com,88,100,80,100,Rubric-based demo scoring (offline mode).,90.6,23
INV0034,Argo Venture Partners,VC,Germany,DACH,Seed; Series A,250000,2000000,Digital Health; Radiology AI,"DACH-focused fund investing in Digital Health, Radiology AI and adjacent life-science tooling from Seed to Series A. Values reimbursement strategy and health-system pilots over pure research.","MedFlow, OncoView",https://www.argoventurepartners.example.com,contact@argoventurepartners.example.com,79,100,100,100,Rubric-based demo scoring (offline mode).,90.6,24
INV0256,Tessel Beteiligungen,Family Office,Germany,DACH,Seed; Series A,100000,800000,Clinical Software; Radiology AI; Diagnostics,Specialist healthcare investor backing Clinical Software companies in DACH. Sweet spot Seed; frequently co-invests with strategic medtech corporates and follows on through Series A.,"Radiant Dx, VitalGraph",https://www.tesselbeteiligungen.example.com,contact@tesselbeteiligungen.example.com,100,100,44,100,Rubric-based demo scoring (offline mode).,88.8,25
INV0308,Femto Invest,VC,Austria,DACH,Pre-Seed; Seed; Series A,250000,750000,Clinical Software; Digital Health; Radiology AI,Specialist healthcare investor backing Clinical Software companies in DACH. Sweet spot Pre-Seed; frequently co-invests with strategic medtech corporates and follows on through Series A.,"PulseWare, DermaCheck, Klinix",https://www.femtoinvest.example.com,contact@femtoinvest.example.com,100,100,40,100,Rubric-based demo scoring (offline mode).,88.0,26
INV0188,Polar Invest,VC,Austria,DACH,Seed; Series A; Series B,250000,750000,Clinical Software; Digital Health; Diagnostics,Specialist healthcare investor backing Clinical Software companies in DACH. Sweet spot Seed; frequently co-invests with strategic medtech corporates and follows on through Series B.,"SurgIQ, DermaCheck",https://www.polarinvest.example.com,contact@polarinvest.example.com,100,100,40,100,Rubric-based demo scoring (offline mode).,88.0,27
INV0388,Granite Capital,VC,Austria,DACH,Seed; Series A,250000,750000,Clinical Software; HealthTech; AI in Healthcare,"DACH-focused fund investing in Clinical Software, HealthTech and adjacent life-science tooling from Seed to Series A. Values reimbursement strategy and health-system pilots over pure research.","MediNotes, MedFlow",https://www.granitecapital.example.com,contact@granitecapital.example.com,100,100,40,100,Rubric-based demo scoring (offline mode).,88.0,28
INV0414,Argo VC,VC,Germany,DACH,Seed; Series A; Series B,1000000,8000000,Clinical Software; AI in Healthcare; Radiology AI,Specialist healthcare investor backing Clinical Software companies in DACH. Sweet spot Seed; frequently co-invests with strategic medtech corporates and follows on through Series B.,"VitalGraph, OrthoSense, CardioLink",https://www.argovc.example.com,contact@argovc.example.com,100,100,40,100,Rubric-based demo scoring (offline mode).,88.0,29
INV0125,Kepler Venture Partners,VC,Austria,DACH,Seed; Series A; Series B,1000000,3000000,Radiology AI; AI in Healthcare; Medical Devices,Invests in Radiology AI and AI in Healthcare startups at Seed stage across DACH. Thesis: software and AI will absorb routine clinical workflows; strong preference for founder-led commercial traction in hospitals.,"ScanIQ, NeuroBeam",https://www.keplerventurepartners.example.com,contact@keplerventurepartners.example.com,100,100,40,100,Rubric-based demo scoring (offline mode).,88.0,30
INV0113,Granite Partners,VC,Austria,DACH,Seed,1000000,8000000,AI in Healthcare; Medical Devices; Radiology AI,"Backs Seed-to-Seed companies transforming healthcare delivery in DACH, with a focus on AI in Healthcare and Medical Devices. Looks for clinical validation and regulatory awareness (MDR/CE).","PulseWare, VitalGraph, SurgIQ",https://www.granitepartners.example.com,contact@granitepartners.example.com,100,100,40,100,Rubric-based demo scoring (offline mode).,88.0,31
INV0352,Astra Venture Partners,VC,Sweden,Europe,Seed; Series A,250000,2000000,AI in Healthcare; Clinical Software,"Europe-focused fund investing in AI in Healthcare, Clinical Software and adjacent life-science tooling from Seed to Series A. Values reimbursement strategy and health-system pilots over pure research.","ScanIQ, Radiant Dx",https://www.astraventurepartners.example.com,contact@astraventurepartners.example.com,79,100,100,65,Rubric-based demo scoring (offline mode).,87.1,32
INV0453,Alpen Capital,VC,France,Europe,Seed; Series A; Series B,500000,4000000,BioTech; AI in Healthcare; Clinical Software,"Backs Seed-to-Series B companies transforming healthcare delivery in Europe, with a focus on BioTech and AI in Healthcare. Looks for clinical validation and regulatory awareness (MDR/CE).","PulseWare, LabBridge",https://www.alpencapital.example.com,contact@alpencapital.example.com,88,100,80,65,Rubric-based demo scoring (offline mode).,87.1,33
INV0018,Vienna Corporate Ventures,CVC,Germany,DACH,Seed; Series A,1000000,3000000,BioTech; HealthTech; Medical Devices,"Backs Seed-to-Series A companies transforming healthcare delivery in DACH, with a focus on BioTech and HealthTech. Looks for clinical validation and regulatory awareness (MDR/CE).","NeuroBeam, MedFlow, ScanIQ",https://www.viennacorporateventures.example.com,contact@viennacorporateventures.example.com,97,100,40,100,Rubric-based demo scoring (offline mode).,86.7,34
INV0280,Oak Holding,Family Office,Austria,DACH,Seed; Series A,500000,4000000,AI in Healthcare; Medical Devices,"DACH-focused fund investing in AI in Healthcare, Medical Devices and adjacent life-science tooling from Seed to Series A. Values reimbursement strategy and health-system pilots over pure research.","DermaCheck, Radiant Dx, CarePilot",https://www.oakholding.example.com,contact@oakholding.example.com,79,100,80,100,Rubric-based demo scoring (offline mode).,86.6,35
INV0245,Quantum Growth,VC,Austria,DACH,Seed; Series A; Series B,2000000,16000000,Medical Devices; Radiology AI,"Backs Seed-to-Series B companies transforming healthcare delivery in DACH, with a focus on Medical Devices and Radiology AI. Looks for clinical validation and regulatory awareness (MDR/CE).","MediNotes, PulseWare",https://www.quantumgrowth.example.com,contact@quantumgrowth.example.com,100,100,30,100,Rubric-based demo scoring (offline mode).,86.0,36
INV0406,Hansa Growth,VC,Germany,DACH,Series A,250000,1250000,Digital Health; Medical Devices; Diagnostics,"Backs Series A-to-Series A companies transforming healthcare delivery in DACH, with a focus on Digital Health and Medical Devices. Looks for clinical validation and regulatory awareness (MDR/CE).","CardioLink, CarePilot",https://www.hansagrowth.example.com,contact@hansagrowth.example.com,100,55,80,100,Rubric-based demo scoring (offline mode).,84.8,37
INV0099,Sterling Capital,VC,France,Europe,Seed; Series A,1000000,5000000,Radiology AI; Diagnostics,"Backs Seed-to-Series A companies transforming healthcare delivery in Europe, with a focus on Radiology AI and Diagnostics. Looks for clinical validation and regulatory awareness (MDR/CE).","PathLens, LabBridge, CarePilot",https://www.sterlingcapital.example.com,contact@sterlingcapital.example.com,100,100,40,65,Rubric-based demo scoring (offline mode).,84.5,38
INV0451,Elbe Capital,VC,United Kingdom,Europe,Pre-Seed; Seed; Series A,1000000,3000000,Diagnostics; Radiology AI,"Backs Pre-Seed-to-Series A companies transforming healthcare delivery in Europe, with a focus on Diagnostics and Radiology AI. Looks for clinical validation and regulatory awareness (MDR/CE).","MedFlow, OncoView, ScanIQ",https://www.elbecapital.example.com,contact@elbecapital.example.com,100,100,40,65,Rubric-based demo scoring (offline mode).,84.5,39
INV0237,Rhein VC,VC,Sweden,Europe,Pre-Seed; Seed,1000000,3000000,Medical Devices; Radiology AI; Clinical Software,"Europe-focused fund investing in Medical Devices, Radiology AI and adjacent life-science tooling from Pre-Seed to Seed. Values reimbursement strategy and health-system pilots over pure research.","Klinix, LabBridge",https://www.rheinvc.example.com,contact@rheinvc.example.com,100,100,40,65,Rubric-based demo scoring (offline mode).,84.5,40
INV0134,Baltic Capital,VC,Netherlands,Europe,Seed; Series A; Series B,250000,750000,Radiology AI; Diagnostics,"Backs Seed-to-Series B companies transforming healthcare delivery in Europe, with a focus on Radiology AI and Diagnostics. Looks for clinical validation and regulatory awareness (MDR/CE).","SurgIQ, ScanIQ, PulseWare",https://www.balticcapital.example.com,contact@balticcapital.example.com,100,100,40,65,Rubric-based demo scoring (offline mode).,84.5,41
INV0096,Zurich VC,VC,Israel,Global,Pre-Seed; Seed,500000,2500000,Radiology AI; Diagnostics,"Global-focused fund investing in Radiology AI, Diagnostics and adjacent life-science tooling from Pre-Seed to Seed. Values reimbursement strategy and health-system pilots over pure research.","NeuroBeam, Klinix",https://www.zurichvc.example.com,contact@zurichvc.example.com,88,100,80,35,Rubric-based demo scoring (offline mode).,84.1,42
INV0467,Tobias Lehmann,Angel,Germany,DACH,Seed; Series A; Series B,50000,500000,Medical Devices; Radiology AI; AI in Healthcare,Specialist healthcare investor backing Medical Devices companies in DACH. Sweet spot Seed; frequently co-invests with strategic medtech corporates and follows on through Series B.,"PathLens, TriageOS",https://www.tobiaslehmann.example.com,contact@tobiaslehmann.example.com,100,100,20,100,Rubric-based demo scoring (offline mode).,84.0,43
INV0440,Nord Capital,VC,France,Europe,Series A,250000,2000000,Clinical Software; Radiology AI,"Backs Series A-to-Series A companies transforming healthcare delivery in Europe, with a focus on Clinical Software and Radiology AI. Looks for clinical validation and regulatory awareness (MDR/CE).","Klinix, PulseWare, LabBridge",https://www.nordcapital.example.com,contact@nordcapital.example.com,97,55,100,65,Rubric-based demo scoring (offline mode).,83.9,44
INV0010,Marble Holding,Family Office,Germany,DACH,Series A; Series B; Growth,500000,4000000,BioTech; Diagnostics; AI in Healthcare,"Backs Series A-to-Growth companies transforming healthcare delivery in DACH, with a focus on BioTech and Diagnostics. Looks for clinical validation and regulatory awareness (MDR/CE).","PathLens, Radiant Dx",https://www.marbleholding.example.com,contact@marbleholding.example.com,97,55,80,100,Rubric-based demo scoring (offline mode).,83.4,45
INV0052,Cedar Group,Family Office,Germany,DACH,Series A,500000,2000000,Diagnostics; Digital Health,"Backs Series A-to-Series A companies transforming healthcare delivery in DACH, with a focus on Diagnostics and Digital Health. Looks for clinical validation and regulatory awareness (MDR/CE).","CarePilot, MediNotes, LabBridge",https://www.cedargroup.example.com,contact@cedargroup.example.com,97,55,80,100,Rubric-based demo scoring (offline mode).,83.4,46
INV0238,Orion VC,VC,United Kingdom,Europe,Pre-Seed; Seed,1000000,3000000,BioTech; Diagnostics; Clinical Software,"Backs Pre-Seed-to-Seed companies transforming healthcare delivery in Europe, with a focus on BioTech and Diagnostics. Looks for clinical validation and regulatory awareness (MDR/CE).","SurgIQ, MediNotes",https://www.orionvc.example.com,contact@orionvc.example.com,97,100,40,65,Rubric-based demo scoring (offline mode).,83.2,47
INV0249,Helix Invest,VC,Belgium,Europe,Pre-Seed; Seed,500000,1500000,AI in Healthcare; Clinical Software,"Europe-focused fund investing in AI in Healthcare, Clinical Software and adjacent life-science tooling from Pre-Seed to Seed. Values reimbursement strategy and health-system pilots over pure research.","CarePilot, MediNotes",https://www.helixinvest.example.com,contact@helixinvest.example.com,79,100,80,65,Rubric-based demo scoring (offline mode).,83.1,48
INV0087,Drift Invest,VC,United Kingdom,Europe,Seed; Series A,500000,1500000,Radiology AI; Clinical Software; BioTech,Invests in Radiology AI and Clinical Software startups at Seed stage across Europe. Thesis: software and AI will absorb routine clinical workflows; strong preference for founder-led commercial traction in hospitals.,"TriageOS, VitalGraph, OrthoSense",https://www.driftinvest.example.com,contact@driftinvest.example.com,79,100,80,65,Rubric-based demo scoring (offline mode).,83.1,49
INV0510,DonauTech Corporate Ventures,CVC,Germany,DACH,Seed,1000000,8000000,Radiology AI; Medical Devices; BioTech,"DACH-focused fund investing in Radiology AI, Medical Devices and adjacent life-science tooling from Seed to Seed. Values reimbursement strategy and health-system pilots over pure research.","RehabLoop, PulseWare",https://www.donautechcorporateventur.example.com,contact@donautechcorporateventur.example.com,88,100,40,100,Rubric-based demo scoring (offline mode).,82.6,50
INV0212,Vega Growth,VC,United Kingdom,Europe,Seed,2000000,10000000,Digital Health; AI in Healthcare; Radiology AI,"Backs Seed-to-Seed companies transforming healthcare delivery in Europe, with a focus on Digital Health and AI in Healthcare. Looks for clinical validation and regulatory awareness (MDR/CE).","SurgIQ, RehabLoop",https://www.vegagrowth.example.com,contact@vegagrowth.example.com,100,100,30,65,Rubric-based demo scoring (offline mode).,82.5,51
INV0143,IsarHealth Innovation Fund,CVC,Austria,DACH,Seed; Series A; Series B,500000,2500000,HealthTech; Radiology AI,Specialist healthcare investor backing HealthTech companies in DACH. Sweet spot Seed; frequently co-invests with strategic medtech corporates and follows on through Series B.,"ScanIQ, Klinix, LabBridge",https://www.isarhealthinnovationfund.example.com,contact@isarhealthinnovationfund.example.com,70,100,80,100,Rubric-based demo scoring (offline mode).,82.5,52
INV0126,Lena Mayer,Angel,United Kingdom,Europe,Seed; Series A,25000,250000,Diagnostics; Clinical Software; AI in Healthcare,Specialist healthcare investor backing Diagnostics companies in Europe. Sweet spot Seed; frequently co-invests with strategic medtech corporates and follows on through Series A.,"VitalGraph, OncoView, MediNotes",https://www.lenamayer.example.com,contact@lenamayer.example.com,100,100,30,65,Rubric-based demo scoring (offline mode).,82.5,53
INV0122,Julia Weiss,Angel,Sweden,Europe,Pre-Seed; Seed; Series A,10000,100000,AI in Healthcare; Clinical Software; Digital Health,"Europe-focused fund investing in AI in Healthcare, Clinical Software and adjacent life-science tooling from Pre-Seed to Series A. Values reimbursement strategy and health-system pilots over pure research.","LabBridge, MedFlow",https://www.juliaweiss.example.com,contact@juliaweiss.example.com,100,100,30,65,Rubric-based demo scoring (offline mode).,82.5,54
INV0041,Monika Werner,Angel,France,Europe,Pre-Seed; Seed,10000,100000,AI in Healthcare; Clinical Software; Diagnostics,Specialist healthcare investor backing AI in Healthcare companies in Europe. Sweet spot Pre-Seed; frequently co-invests with strategic medtech corporates and follows on through Seed.,"LabBridge, PulseWare, RehabLoop",https://www.monikawerner.example.com,contact@monikawerner.example.com,100,100,30,65,Rubric-based demo scoring (offline mode).,82.5,55
INV0029,Summit VC,VC,Germany,DACH,Pre-Seed; Seed,500000,2500000,AI in Healthcare; Medical Devices,Specialist healthcare investor backing AI in Healthcare companies in DACH. Sweet spot Pre-Seed; frequently co-invests with strategic medtech corporates and follows on through Seed.,"DermaCheck, LabBridge, RehabLoop",https://www.summitvc.example.com,contact@summitvc.example.com,70,100,80,100,Rubric-based demo scoring (offline mode).,82.5,56
INV0306,Rhein Family Office,Family Office,Israel,Global,Seed; Series A,100000,800000,AI in Healthcare; HealthTech; Digital Health,Invests in AI in Healthcare and HealthTech startups at Seed stage across Global. Thesis: software and AI will absorb routine clinical workflows; strong preference for founder-led commercial traction in hospitals.,"NeuroBeam, DermaCheck, LabBridge",https://www.rheinfamilyoffice.example.com,contact@rheinfamilyoffice.example.com,100,100,44,35,Rubric-based demo scoring (offline mode).,82.3,57
INV0494,Juno Growth,VC,France,Europe,Series A; Series B; Growth,500000,2500000,Digital Health; AI in Healthcare; Medical Devices,Invests in Digital Health and AI in Healthcare startups at Series A stage across Europe. Thesis: software and AI will absorb routine clinical workflows; strong preference for founder-led commercial traction in hospitals.,"RehabLoop, OncoView",https://www.junogrowth.example.com,contact@junogrowth.example.com,100,55,80,65,Rubric-based demo scoring (offline mode).,81.2,58
INV0162,Nord Beteiligungen,Family Office,France,Europe,Series A; Series B,500000,2000000,Digital Health; AI in Healthcare; Clinical Software,"Europe-focused fund investing in Digital Health, AI in Healthcare and adjacent life-science tooling from Series A to Series B. Values reimbursement strategy and health-system pilots over pure research.","TriageOS, VitalGraph",https://www.nordbeteiligungen.example.com,contact@nordbeteiligungen.example.com,100,55,80,65,Rubric-based demo scoring (offline mode).,81.2,59
INV0215,Granite Ventures,VC,Denmark,Europe,Series A,250000,1250000,HealthTech; AI in Healthcare; Medical Devices,"Backs Series A-to-Series A companies transforming healthcare delivery in Europe, with a focus on HealthTech and AI in Healthcare. Looks for clinical validation and regulatory awareness (MDR/CE).","TriageOS, CardioLink, VitalGraph",https://www.graniteventures.example.com,contact@graniteventures.example.com,100,55,80,65,Rubric-based demo scoring (offline mode).,81.2,60
INV0259,Simon Wolf,Angel,Germany,DACH,Pre-Seed; Seed,25000,150000,Diagnostics; BioTech; AI in Healthcare,Invests in Diagnostics and BioTech startups at Pre-Seed stage across DACH. Thesis: software and AI will absorb routine clinical workflows; strong preference for founder-led commercial traction in hospitals.,"LabBridge, RehabLoop",https://www.simonwolf.example.com,contact@simonwolf.example.com,88,100,30,100,Rubric-based demo scoring (offline mode).,80.6,61
INV0198,Union VC,VC,Switzerland,DACH,Seed,2000000,6000000,Clinical Software; Diagnostics,"DACH-focused fund investing in Clinical Software, Diagnostics and adjacent life-science tooling from Seed to Seed. Values reimbursement strategy and health-system pilots over pure research.","MedFlow, OrthoSense, CardioLink",https://www.unionvc.example.com,contact@unionvc.example.com,88,100,30,100,Rubric-based demo scoring (offline mode).,80.6,62
INV0479,Nina Lindqvist,Angel,Germany,DACH,Seed; Series A,10000,60000,HealthTech; Diagnostics; BioTech,Invests in HealthTech and Diagnostics startups at Seed stage across DACH. Thesis: software and AI will absorb routine clinical workflows; strong preference for founder-led commercial traction in hospitals.,"DermaCheck, PulseWare",https://www.ninalindqvist.example.com,contact@ninalindqvist.example.com,88,100,30,100,Rubric-based demo scoring (offline mode).,80.6,63
INV0503,Astra Partners,VC,Germany,DACH,Seed,2000000,16000000,Diagnostics; Medical Devices,"DACH-focused fund investing in Diagnostics, Medical Devices and adjacent life-science tooling from Seed to Seed. Values reimbursement strategy and health-system pilots over pure research.","NeuroBeam, OncoView, RehabLoop",https://www.astrapartners.example.com,contact@astrapartners.example.com,88,100,30,100,Rubric-based demo scoring (offline mode).,80.6,64
INV0088,Rhein Holding,Family Office,France,Europe,Series A; Series B,250000,2000000,BioTech; HealthTech; Medical Devices,Invests in BioTech and HealthTech startups at Series A stage across Europe. Thesis: software and AI will absorb routine clinical workflows; strong preference for founder-led commercial traction in hospitals.,"OncoView, MedFlow, DermaCheck",https://www.rheinholding.example.com,contact@rheinholding.example.com,88,55,100,65,Rubric-based demo scoring (offline mode).,79.8,65
INV0144,Falcon Invest,VC,Sweden,Europe,Series A,250000,2000000,Radiology AI; HealthTech,Invests in Radiology AI and HealthTech startups at Series A stage across Europe. Thesis: software and AI will absorb routine clinical workflows; strong preference for founder-led commercial traction in hospitals.,"CarePilot, NeuroBeam, TriageOS",https://www.falconinvest.example.com,contact@falconinvest.example.com,88,55,100,65,Rubric-based demo scoring (offline mode).,79.8,66
INV0425,Isabelle Meier,Angel,Israel,Global,Seed; Series A; Series B,25000,100000,Radiology AI; Digital Health; AI in Healthcare,"Global-focused fund investing in Radiology AI, Digital Health and adjacent life-science tooling from Seed to Series B. Values reimbursement strategy and health-system pilots over pure research.","OrthoSense, ScanIQ",https://www.isabellemeier.example.com,contact@isabellemeier.example.com,100,100,30,35,Rubric-based demo scoring (offline mode).,79.5,67
INV0236,Hansa Capital,VC,United Kingdom,Europe,Pre-Seed,500000,2500000,Digital Health; AI in Healthcare; Radiology AI,Specialist healthcare investor backing Digital Health companies in Europe. Sweet spot Pre-Seed; frequently co-invests with strategic medtech corporates and follows on through Pre-Seed.,"Klinix, VitalGraph, RehabLoop",https://www.hansacapital.example.com,contact@hansacapital.example.com,96,55,80,65,Rubric-based demo scoring (offline mode).,79.5,68
INV0362,Zurich Vermögensverwaltung,Family Office,Germany,DACH,Pre-Seed; Seed,100000,800000,Medical Devices; BioTech; Digital Health,"DACH-focused fund investing in Medical Devices, BioTech and adjacent life-science tooling from Pre-Seed to Seed. Values reimbursement strategy and health-system pilots over pure research.","OncoView, VitalGraph, PathLens",https://www.zurichvermoegensverwaltu.example.com,contact@zurichvermoegensverwaltu.example.com,79,100,44,100,Rubric-based demo scoring (offline mode).,79.4,69
INV0426,Oak Invest,VC,Switzerland,DACH,Series A; Series B; Growth,250000,2000000,Medical Devices; Clinical Software,Specialist healthcare investor backing Medical Devices companies in DACH. Sweet spot Series A; frequently co-invests with strategic medtech corporates and follows on through Growth.,"OncoView, SurgIQ",https://www.oakinvest.example.com,contact@oakinvest.example.com,79,55,100,100,Rubric-based demo scoring (offline mode).,79.3,70
INV0069,Hansa VC,VC,Germany,DACH,Series A,500000,4000000,Digital Health; Radiology AI,Invests in Digital Health and Radiology AI startups at Series A stage across DACH. Thesis: software and AI will absorb routine clinical workflows; strong preference for founder-led commercial traction in hospitals.,"RehabLoop, LabBridge, DermaCheck",https://www.hansavc.example.com,contact@hansavc.example.com,88,55,80,100,Rubric-based demo scoring (offline mode).,79.3,71
INV0269,Elbe VC,VC,Netherlands,Europe,Seed; Series A; Series B,1000000,8000000,Digital Health; Diagnostics,Invests in Digital Health and Diagnostics startups at Seed stage across Europe. Thesis: software and AI will absorb routine clinical workflows; strong preference for founder-led commercial traction in hospitals.,"PulseWare, NeuroBeam, OncoView",https://www.elbevc.example.com,contact@elbevc.example.com,88,100,40,65,Rubric-based demo scoring (offline mode).,79.1,72
INV0421,Vienna Partners,VC,Spain,Europe,Pre-Seed; Seed,1000000,5000000,Medical Devices; Digital Health,Invests in Medical Devices and Digital Health startups at Pre-Seed stage across Europe. Thesis: software and AI will absorb routine clinical workflows; strong preference for founder-led commercial traction in hospitals.,"TriageOS, CardioLink",https://www.viennapartners.example.com,contact@viennapartners.example.com,88,100,40,65,Rubric-based demo scoring (offline mode).,79.1,73
INV0074,Union Ventures,VC,Spain,Europe,Seed; Series A,1000000,5000000,AI in Healthcare; Medical Devices,Invests in AI in Healthcare and Medical Devices startups at Seed stage across Europe. Thesis: software and AI will absorb routine clinical workflows; strong preference for founder-led commercial traction in hospitals.,"Klinix, VitalGraph, OrthoSense",https://www.unionventures.example.com,contact@unionventures.example.com,88,100,40,65,Rubric-based demo scoring (offline mode).,79.1,74
INV0464,Delta Partners,VC,United Kingdom,Europe,Pre-Seed; Seed,500000,2500000,AI in Healthcare; HealthTech,"Europe-focused fund investing in AI in Healthcare, HealthTech and adjacent life-science tooling from Pre-Seed to Seed. Values reimbursement strategy and health-system pilots over pure research.","Klinix, NeuroBeam, TriageOS",https://www.deltapartners.example.com,contact@deltapartners.example.com,70,100,80,65,Rubric-based demo scoring (offline mode).,79.0,75
INV0071,Argo Invest,VC,Germany,DACH,Seed; Series A,250000,750000,Medical Devices; BioTech; Digital Health,"DACH-focused fund investing in Medical Devices, BioTech and adjacent life-science tooling from Seed to Series A. Values reimbursement strategy and health-system pilots over pure research.","OrthoSense, NeuroBeam",https://www.argoinvest.example.com,contact@argoinvest.example.com,79,100,40,100,Rubric-based demo scoring (offline mode).,78.6,76
INV0516,Elbe Invest,VC,Austria,DACH,Seed; Series A,1000000,5000000,Diagnostics; AI in Healthcare,"DACH-focused fund investing in Diagnostics, AI in Healthcare and adjacent life-science tooling from Seed to Series A. Values reimbursement strategy and health-system pilots over pure research.","Radiant Dx, ScanIQ, OrthoSense",https://www.elbeinvest.example.com,contact@elbeinvest.example.com,79,100,40,100,Rubric-based demo scoring (offline mode).,78.6,77
INV0181,Vienna Ventures,VC,Austria,DACH,Seed; Series A; Series B,500000,4000000,Digital Health; HealthTech,Specialist healthcare investor backing Digital Health companies in DACH. Sweet spot Seed; frequently co-invests with strategic medtech corporates and follows on through Series B.,"RehabLoop, VitalGraph",https://www.viennaventures.example.com,contact@viennaventures.example.com,61,100,80,100,Rubric-based demo scoring (offline mode).,78.5,78
INV0513,Atlas Invest,VC,Germany,DACH,Seed,500000,1500000,FinTech; Climate Tech; Consumer; HealthTech,Generalist Seed-to-Seed investor in DACH with positions in FinTech and Climate Tech. Occasionally opportunistic in digital health when the model is software-first.,"RetailPulse, ShipRadar",https://www.atlasinvest.example.com,contact@atlasinvest.example.com,61,100,80,100,Rubric-based demo scoring (offline mode).,78.5,79
INV0321,Vertex Ventures,VC,Singapore,Global,Series A; Series B,500000,4000000,Radiology AI; Clinical Software; Digital Health,"Global-focused fund investing in Radiology AI, Clinical Software and adjacent life-science tooling from Series A to Series B. Values reimbursement strategy and health-system pilots over pure research.","TriageOS, VitalGraph",https://www.vertexventures.example.com,contact@vertexventures.example.com,100,55,80,35,Rubric-based demo scoring (offline mode).,78.2,80
INV0339,Lena Bauer,Angel,United Kingdom,Europe,Seed,10000,100000,AI in Healthcare; BioTech; Digital Health,"Backs Seed-to-Seed companies transforming healthcare delivery in Europe, with a focus on AI in Healthcare and BioTech. Looks for clinical validation and regulatory awareness (MDR/CE).","TriageOS, MedFlow, RehabLoop",https://www.lenabauer.example.com,contact@lenabauer.example.com,88,100,30,65,Rubric-based demo scoring (offline mode).,77.1,81
INV0107,Beacon Growth,VC,Italy,Europe,Seed; Series A,2000000,10000000,Radiology AI; Diagnostics; BioTech,"Europe-focused fund investing in Radiology AI, Diagnostics and adjacent life-science tooling from Seed to Series A. Values reimbursement strategy and health-system pilots over pure research.","CarePilot, SurgIQ, CardioLink",https://www.beacongrowth.example.com,contact@beacongrowth.example.com,88,100,30,65,Rubric-based demo scoring (offline mode).,77.1,82
INV0103,Berlin Invest,VC,Sweden,Europe,Seed; Series A; Series B,2000000,6000000,Radiology AI; Diagnostics,"Europe-focused fund investing in Radiology AI, Diagnostics and adjacent life-science tooling from Seed to Series B. Values reimbursement strategy and health-system pilots over pure research.","SurgIQ, PulseWare",https://www.berlininvest.example.com,contact@berlininvest.example.com,88,100,30,65,Rubric-based demo scoring (offline mode).,77.1,83
INV0117,Laura Becker,Angel,Norway,Europe,Seed,10000,60000,Diagnostics; AI in Healthcare,Invests in Diagnostics and AI in Healthcare startups at Seed stage across Europe. Thesis: software and AI will absorb routine clinical workflows; strong preference for founder-led commercial traction in hospitals.,"RehabLoop, OncoView",https://www.laurabecker.example.com,contact@laurabecker.example.com,88,100,30,65,Rubric-based demo scoring (offline mode).,77.1,84
INV0252,Femto VC,VC,United Kingdom,Europe,Seed; Series A,2000000,10000000,Clinical Software; Radiology AI,"Europe-focused fund investing in Clinical Software, Radiology AI and adjacent life-science tooling from Seed to Series A. Values reimbursement strategy and health-system pilots over pure research.","SurgIQ, NeuroBeam, LabBridge",https://www.femtovc.example.com,contact@femtovc.example.com,88,100,30,65,Rubric-based demo scoring (offline mode).,77.1,85
INV0407,Drift Partners,VC,Austria,DACH,Series A; Series B; Growth,250000,750000,Radiology AI; Clinical Software; Digital Health,"Backs Series A-to-Growth companies transforming healthcare delivery in DACH, with a focus on Radiology AI and Clinical Software. Looks for clinical validation and regulatory awareness (MDR/CE).","LabBridge, RehabLoop",https://www.driftpartners.example.com,contact@driftpartners.example.com,100,55,40,100,Rubric-based demo scoring (offline mode).,76.8,86
INV0024,Pieter Werner,Angel,Sweden,Europe,Seed; Series A; Series B,25000,150000,HealthTech; Digital Health; AI in Healthcare,Specialist healthcare investor backing HealthTech companies in Europe. Sweet spot Seed; frequently co-invests with strategic medtech corporates and follows on through Series B.,"PulseWare, SurgIQ",https://www.pieterwerner.example.com,contact@pieterwerner.example.com,87,100,30,65,Rubric-based demo scoring (offline mode).,76.7,87
INV0119,Lena Krüger,Angel,Germany,DACH,Seed; Series A,25000,100000,Medical Devices; Clinical Software,Specialist healthcare investor backing Medical Devices companies in DACH. Sweet spot Seed; frequently co-invests with strategic medtech corporates and follows on through Series A.,"PathLens, Klinix",https://www.lenakrueger.example.com,contact@lenakrueger.example.com,79,100,30,100,Rubric-based demo scoring (offline mode).,76.6,88
INV0258,Tyrol Venture Partners,VC,Germany,DACH,Seed,2000000,16000000,Digital Health; HealthTech,Invests in Digital Health and HealthTech startups at Seed stage across DACH. Thesis: software and AI will absorb routine clinical workflows; strong preference for founder-led commercial traction in hospitals.,"SurgIQ, PulseWare",https://www.tyrolventurepartners.example.com,contact@tyrolventurepartners.example.com,79,100,30,100,Rubric-based demo scoring (offline mode).,76.6,89
INV0158,Pieter Krüger,Angel,Germany,DACH,Seed,10000,60000,Medical Devices; HealthTech,"DACH-focused fund investing in Medical Devices, HealthTech and adjacent life-science tooling from Seed to Seed. Values reimbursement strategy and health-system pilots over pure research.","SurgIQ, RehabLoop",https://www.pieterkrueger.example.com,contact@pieterkrueger.example.com,79,100,30,100,Rubric-based demo scoring (offline mode).,76.6,90
INV0160,Nova Growth,VC,Germany,DACH,Pre-Seed; Seed,2000000,16000000,Diagnostics; Radiology AI,Specialist healthcare investor backing Diagnostics companies in DACH. Sweet spot Pre-Seed; frequently co-invests with strategic medtech corporates and follows on through Seed.,"MedFlow, PathLens",https://www.novagrowth.example.com,contact@novagrowth.example.com,79,100,30,100,Rubric-based demo scoring (offline mode).,76.6,91
INV0398,Felix Moreau,Angel,Germany,DACH,Pre-Seed; Seed; Series A,10000,40000,Medical Devices; BioTech; AI in Healthcare,"DACH-focused fund investing in Medical Devices, BioTech and adjacent life-science tooling from Pre-Seed to Series A. Values reimbursement strategy and health-system pilots over pure research.","LabBridge, MediNotes, NeuroBeam",https://www.felixmoreau.example.com,contact@felixmoreau.example.com,79,100,30,100,Rubric-based demo scoring (offline mode).,76.6,92
INV0091,UnionCare Strategic Ventures,CVC,Israel,Global,Seed; Series A,250000,750000,Medical Devices; Digital Health; BioTech,Invests in Medical Devices and Digital Health startups at Seed stage across Global. Thesis: software and AI will absorb routine clinical workflows; strong preference for founder-led commercial traction in hospitals.,"OncoView, SurgIQ, MedFlow",https://www.unioncarestrategicventur.example.com,contact@unioncarestrategicventur.example.com,88,100,40,35,Rubric-based demo scoring (offline mode).,76.1,93
INV0228,Atlas VC,VC,Israel,Global,Seed,1000000,3000000,AI in Healthcare; BioTech; Radiology AI,Invests in AI in Healthcare and BioTech startups at Seed stage across Global. Thesis: software and AI will absorb routine clinical workflows; strong preference for founder-led commercial traction in hospitals.,"VitalGraph, PathLens",https://www.atlasvc.example.com,contact@atlasvc.example.com,88,100,40,35,Rubric-based demo scoring (offline mode).,76.1,94
INV0012,Femto Group,Family Office,Spain,Europe,Pre-Seed,500000,3000000,Clinical Software; AI in Healthcare; BioTech,"Backs Pre-Seed-to-Pre-Seed companies transforming healthcare delivery in Europe, with a focus on Clinical Software and AI in Healthcare. Looks for clinical validation and regulatory awareness (MDR/CE).","MedFlow, SurgIQ",https://www.femtogroup.example.com,contact@femtogroup.example.com,88,55,80,65,Rubric-based demo scoring (offline mode).,75.8,95
INV0130,Clara Hoffmann,Angel,Austria,DACH,Seed; Series A; Series B,50000,300000,Medical Devices; Digital Health,Invests in Medical Devices and Digital Health startups at Seed stage across DACH. Thesis: software and AI will absorb routine clinical workflows; strong preference for founder-led commercial traction in hospitals.,"NeuroBeam, MedFlow, Radiant Dx",https://www.clarahoffmann.example.com,contact@clarahoffmann.example.com,88,100,4,100,Rubric-based demo scoring (offline mode).,75.4,96
INV0178,RiversideTech Strategic Ventures,CVC,Denmark,Europe,Seed; Series A,500000,1500000,Clinical Software; BioTech,"Backs Seed-to-Series A companies transforming healthcare delivery in Europe, with a focus on Clinical Software and BioTech. Looks for clinical validation and regulatory awareness (MDR/CE).","DermaCheck, PathLens",https://www.riversidetechstrategicve.example.com,contact@riversidetechstrategicve.example.com,62,100,80,65,Rubric-based demo scoring (offline mode).,75.4,97
INV0253,Helix VC,VC,United Kingdom,Europe,Seed; Series A; Series B,500000,1500000,BioTech; Clinical Software,"Backs Seed-to-Series B companies transforming healthcare delivery in Europe, with a focus on BioTech and Clinical Software. Looks for clinical validation and regulatory awareness (MDR/CE).","RehabLoop, TriageOS",https://www.helixvc.example.com,contact@helixvc.example.com,62,100,80,65,Rubric-based demo scoring (offline mode).,75.4,98
INV0043,Signal Invest,VC,Germany,DACH,Series A,500000,2500000,Clinical Software; Medical Devices,Invests in Clinical Software and Medical Devices startups at Series A stage across DACH. Thesis: software and AI will absorb routine clinical workflows; strong preference for founder-led commercial traction in hospitals.,"NeuroBeam, OrthoSense",https://www.signalinvest.example.com,contact@signalinvest.example.com,79,55,80,100,Rubric-based demo scoring (offline mode).,75.3,99
INV0243,Oak VC,VC,Germany,DACH,Series A,500000,2500000,Digital Health; Clinical Software,Invests in Digital Health and Clinical Software startups at Series A stage across DACH. Thesis: software and AI will absorb routine clinical workflows; strong preference for founder-led commercial traction in hospitals.,"RehabLoop, Radiant Dx, CardioLink",https://www.oakvc.example.com,contact@oakvc.example.com,79,55,80,100,Rubric-based demo scoring (offline mode).,75.3,100
INV0235,Willow Venture Partners,VC,Netherlands,Europe,Seed,1000000,5000000,Clinical Software; HealthTech,"Europe-focused fund investing in Clinical Software, HealthTech and adjacent life-science tooling from Seed to Seed. Values reimbursement strategy and health-system pilots over pure research.","TriageOS, ScanIQ, OrthoSense",https://www.willowventurepartners.example.com,contact@willowventurepartners.example.com,79,100,40,65,Rubric-based demo scoring (offline mode).,75.1,101
INV0184,David Huber,Angel,Austria,DACH,Pre-Seed,25000,150000,Diagnostics; Digital Health; HealthTech,"Backs Pre-Seed-to-Pre-Seed companies transforming healthcare delivery in DACH, with a focus on Diagnostics and Digital Health. Looks for clinical validation and regulatory awareness (MDR/CE).","CarePilot, Radiant Dx",https://www.davidhuber.example.com,contact@davidhuber.example.com,100,55,30,100,Rubric-based demo scoring (offline mode).,74.8,102
INV0146,Pinnacle Venture Partners,VC,Austria,DACH,Seed; Series A; Series B,500000,4000000,BioTech; HealthTech,Invests in BioTech and HealthTech startups at Seed stage across DACH. Thesis: software and AI will absorb routine clinical workflows; strong preference for founder-led commercial traction in hospitals.,"DermaCheck, LabBridge",https://www.pinnacleventurepartners.example.com,contact@pinnacleventurepartners.example.com,53,100,80,100,Rubric-based demo scoring (offline mode).,74.8,103
INV0361,Felix Jansen,Angel,Germany,DACH,Series A,10000,40000,Clinical Software; Medical Devices; Digital Health,"Backs Series A-to-Series A companies transforming healthcare delivery in DACH, with a focus on Clinical Software and Medical Devices. Looks for clinical validation and regulatory awareness (MDR/CE).","CardioLink, MedFlow",https://www.felixjansen.example.com,contact@felixjansen.example.com,100,55,30,100,Rubric-based demo scoring (offline mode).,74.8,104
INV0266,Marco Weber,Angel,Germany,DACH,Series A,25000,150000,AI in Healthcare; HealthTech; Medical Devices,Invests in AI in Healthcare and HealthTech startups at Series A stage across DACH. Thesis: software and AI will absorb routine clinical workflows; strong preference for founder-led commercial traction in hospitals.,"PathLens, RehabLoop",https://www.marcoweber.example.com,contact@marcoweber.example.com,100,55,30,100,Rubric-based demo scoring (offline mode).,74.8,105
INV0260,Nina Zimmermann,Angel,Germany,DACH,Series A; Series B; Growth,25000,150000,Diagnostics; Digital Health; HealthTech,"Backs Series A-to-Growth companies transforming healthcare delivery in DACH, with a focus on Diagnostics and Digital Health. Looks for clinical validation and regulatory awareness (MDR/CE).","CardioLink, OrthoSense",https://www.ninazimmermann.example.com,contact@ninazimmermann.example.com,100,55,30,100,Rubric-based demo scoring (offline mode).,74.8,106
INV0090,ViennaMed Strategic Ventures,CVC,Germany,DACH,Series A; Series B,2000000,16000000,HealthTech; Radiology AI; AI in Healthcare,"DACH-focused fund investing in HealthTech, Radiology AI and adjacent life-science tooling from Series A to Series B. Values reimbursement strategy and health-system pilots over pure research.","MedFlow, OncoView, RehabLoop",https://www.viennamedstrategicventur.example.com,contact@viennamedstrategicventur.example.com,100,55,30,100,Rubric-based demo scoring (offline mode).,74.8,107
INV0180,Julia Wolf,Angel,Austria,DACH,Series A; Series B; Growth,25000,150000,Digital Health; Clinical Software; AI in Healthcare,Invests in Digital Health and Clinical Software startups at Series A stage across DACH. Thesis: software and AI will absorb routine clinical workflows; strong preference for founder-led commercial traction in hospitals.,"LabBridge, Radiant Dx",https://www.juliawolf.example.com,contact@juliawolf.example.com,100,55,30,100,Rubric-based demo scoring (offline mode).,74.8,108
INV0097,Nina Hoffmann,Angel,Germany,DACH,Seed; Series A,50000,500000,HealthTech; Radiology AI,"DACH-focused fund investing in HealthTech, Radiology AI and adjacent life-science tooling from Seed to Series A. Values reimbursement strategy and health-system pilots over pure research.","ScanIQ, Radiant Dx",https://www.ninahoffmann.example.com,contact@ninahoffmann.example.com,79,100,20,100,Rubric-based demo scoring (offline mode).,74.6,109
INV0387,Helix Partners,VC,Austria,DACH,Seed; Series A; Series B,250000,750000,HealthTech; Clinical Software; BioTech,Specialist healthcare investor backing HealthTech companies in DACH. Sweet spot Seed; frequently co-invests with strategic medtech corporates and follows on through Series B.,"SurgIQ, RehabLoop",https://www.helixpartners.example.com,contact@helixpartners.example.com,70,100,40,100,Rubric-based demo scoring (offline mode).,74.5,110
INV0264,Juno Partners,VC,Germany,DACH,Seed,1000000,3000000,Medical Devices; HealthTech,Specialist healthcare investor backing Medical Devices companies in DACH. Sweet spot Seed; frequently co-invests with strategic medtech corporates and follows on through Seed.,"MediNotes, TriageOS",https://www.junopartners.example.com,contact@junopartners.example.com,70,100,40,100,Rubric-based demo scoring (offline mode).,74.5,111
INV0157,Riverside Invest,VC,Germany,DACH,Seed; Series A; Series B,1000000,3000000,Deep Tech; PropTech; Diagnostics,Generalist Seed-to-Series B investor in DACH with positions in Deep Tech and PropTech. Occasionally opportunistic in digital health when the model is software-first.,"ShipRadar, BuildOS, TalentGrid",https://www.riversideinvest.example.com,contact@riversideinvest.example.com,70,100,40,100,Rubric-based demo scoring (offline mode).,74.5,112
INV0358,Marie Novak,Angel,Israel,Global,Seed,50000,200000,Digital Health; Diagnostics,Invests in Digital Health and Diagnostics startups at Seed stage across Global. Thesis: software and AI will absorb routine clinical workflows; strong preference for founder-led commercial traction in hospitals.,"DermaCheck, PulseWare, NeuroBeam",https://www.marienovak.example.com,contact@marienovak.example.com,88,100,30,35,Rubric-based demo scoring (offline mode).,74.1,113
INV0009,Donau Holding,Family Office,France,Europe,Series A,100000,800000,Digital Health; Clinical Software; Diagnostics,Invests in Digital Health and Clinical Software startups at Series A stage across Europe. Thesis: software and AI will absorb routine clinical workflows; strong preference for founder-led commercial traction in hospitals.,"TriageOS, VitalGraph",https://www.donauholding.example.com,contact@donauholding.example.com,100,55,44,65,Rubric-based demo scoring (offline mode).,74.0,114
INV0191,Delta Family Office,Family Office,Sweden,Europe,Series B; Growth,250000,1500000,Clinical Software; Radiology AI; Medical Devices,"Backs Series B-to-Growth companies transforming healthcare delivery in Europe, with a focus on Clinical Software and Radiology AI. Looks for clinical validation and regulatory awareness (MDR/CE).","OncoView, TriageOS",https://www.deltafamilyoffice.example.com,contact@deltafamilyoffice.example.com,100,10,100,65,Rubric-based demo scoring (offline mode).,74.0,115
INV0500,Falcon Group,Family Office,United Kingdom,Europe,Seed; Series A; Series B,100000,400000,Medical Devices; Digital Health,Invests in Medical Devices and Digital Health startups at Seed stage across Europe. Thesis: software and AI will absorb routine clinical workflows; strong preference for founder-led commercial traction in hospitals.,"CardioLink, ScanIQ, PathLens",https://www.falcongroup.example.com,contact@falcongroup.example.com,88,100,12,65,Rubric-based demo scoring (offline mode).,73.5,116
INV0378,Orion Partners,VC,Austria,DACH,Series A,2000000,16000000,AI in Healthcare; Medical Devices,"Backs Series A-to-Series A companies transforming healthcare delivery in DACH, with a focus on AI in Healthcare and Medical Devices. Looks for clinical validation and regulatory awareness (MDR/CE).","TriageOS, Radiant Dx, PathLens",https://www.orionpartners.example.com,contact@orionpartners.example.com,97,55,30,100,Rubric-based demo scoring (offline mode).,73.4,117
INV0471,Mont Ventures,VC,France,Europe,Series A; Series B,1000000,5000000,Digital Health; Clinical Software; Radiology AI,Invests in Digital Health and Clinical Software startups at Series A stage across Europe. Thesis: software and AI will absorb routine clinical workflows; strong preference for founder-led commercial traction in hospitals.,"PulseWare, Radiant Dx",https://www.montventures.example.com,contact@montventures.example.com,100,55,40,65,Rubric-based demo scoring (offline mode).,73.2,118
INV0285,Ingrid Novak,Angel,Italy,Europe,Seed; Series A; Series B,25000,250000,Medical Devices; HealthTech,"Europe-focused fund investing in Medical Devices, HealthTech and adjacent life-science tooling from Seed to Series B. Values reimbursement strategy and health-system pilots over pure research.","PulseWare, PathLens, NeuroBeam",https://www.ingridnovak.example.com,contact@ingridnovak.example.com,79,100,30,65,Rubric-based demo scoring (offline mode).,73.1,119
INV0391,Juno Ventures,VC,United Kingdom,Europe,Seed; Series A; Series B,2000000,10000000,HealthTech; Medical Devices,"Europe-focused fund investing in HealthTech, Medical Devices and adjacent life-science tooling from Seed to Series B. Values reimbursement strategy and health-system pilots over pure research.","Klinix, PulseWare",https://www.junoventures.example.com,contact@junoventures.example.com,79,100,30,65,Rubric-based demo scoring (offline mode).,73.1,120
INV0404,Cedar Invest,VC,United Kingdom,Europe,Seed; Series A,2000000,10000000,BioTech; Clinical Software; Digital Health,Invests in BioTech and Clinical Software startups at Seed stage across Europe. Thesis: software and AI will absorb routine clinical workflows; strong preference for founder-led commercial traction in hospitals.,"Radiant Dx, TriageOS, OrthoSense",https://www.cedarinvest.example.com,contact@cedarinvest.example.com,79,100,30,65,Rubric-based demo scoring (offline mode).,73.1,121
INV0489,Isar Venture Partners,VC,Sweden,Europe,Seed; Series A,2000000,16000000,AI in Healthcare; Medical Devices,"Europe-focused fund investing in AI in Healthcare, Medical Devices and adjacent life-science tooling from Seed to Series A. Values reimbursement strategy and health-system pilots over pure research.","OncoView, CardioLink",https://www.isarventurepartners.example.com,contact@isarventurepartners.example.com,79,100,30,65,Rubric-based demo scoring (offline mode).,73.1,122
INV0381,Helix Growth,VC,Denmark,Europe,Seed,2000000,10000000,Digital Health; Clinical Software; BioTech,"Europe-focused fund investing in Digital Health, Clinical Software and adjacent life-science tooling from Seed to Seed. Values reimbursement strategy and health-system pilots over pure research.","VitalGraph, LabBridge",https://www.helixgrowth.example.com,contact@helixgrowth.example.com,79,100,30,65,Rubric-based demo scoring (offline mode).,73.1,123
INV0216,Zenith VC,VC,Netherlands,Europe,Seed; Series A,2000000,10000000,Diagnostics; AI in Healthcare,"Europe-focused fund investing in Diagnostics, AI in Healthcare and adjacent life-science tooling from Seed to Series A. Values reimbursement strategy and health-system pilots over pure research.","LabBridge, OrthoSense, CardioLink",https://www.zenithvc.example.com,contact@zenithvc.example.com,79,100,30,65,Rubric-based demo scoring (offline mode).,73.1,124
INV0123,HelixHealth Corporate Ventures,CVC,Italy,Europe,Seed,2000000,10000000,AI in Healthcare; Medical Devices,"Europe-focused fund investing in AI in Healthcare, Medical Devices and adjacent life-science tooling from Seed to Seed. Values reimbursement strategy and health-system pilots over pure research.","MedFlow, Radiant Dx, Klinix",https://www.helixhealthcorporatevent.example.com,contact@helixhealthcorporatevent.example.com,79,100,30,65,Rubric-based demo scoring (offline mode).,73.1,125
INV0457,Isar Capital,VC,United States,Global,Series A,500000,2500000,Clinical Software; Digital Health,"Backs Series A-to-Series A companies transforming healthcare delivery in Global, with a focus on Clinical Software and Digital Health. Looks for clinical validation and regulatory awareness (MDR/CE).","NeuroBeam, OrthoSense",https://www.isarcapital.example.com,contact@isarcapital.example.com,88,55,80,35,Rubric-based demo scoring (offline mode).,72.8,126
INV0390,Sebastian Rossi,Angel,Germany,DACH,Series A; Series B,50000,500000,Medical Devices; Digital Health; Clinical Software,"Backs Series A-to-Series B companies transforming healthcare delivery in DACH, with a focus on Medical Devices and Digital Health. Looks for clinical validation and regulatory awareness (MDR/CE).","VitalGraph, MedFlow",https://www.sebastianrossi.example.com,contact@sebastianrossi.example.com,100,55,20,100,Rubric-based demo scoring (offline mode).,72.8,127
INV0063,Monika Krüger,Angel,Germany,DACH,Seed,10000,60000,HealthTech; Radiology AI,Specialist healthcare investor backing HealthTech companies in DACH. Sweet spot Seed; frequently co-invests with strategic medtech corporates and follows on through Seed.,"Radiant Dx, TriageOS",https://www.monikakrueger.example.com,contact@monikakrueger.example.com,70,100,30,100,Rubric-based demo scoring (offline mode).,72.5,128
INV0102,Aurora VC,VC,Germany,DACH,Seed; Series A; Series B,2000000,16000000,Digital Health; BioTech; Medical Devices,Specialist healthcare investor backing Digital Health companies in DACH. Sweet spot Seed; frequently co-invests with strategic medtech corporates and follows on through Series B.,"DermaCheck, OncoView, OrthoSense",https://www.auroravc.example.com,contact@auroravc.example.com,70,100,30,100,Rubric-based demo scoring (offline mode).,72.5,129
INV0226,Vertex Venture Partners,VC,Switzerland,DACH,Seed; Series A; Series B,2000000,10000000,Consumer; PropTech; Medical Devices,Generalist Seed-to-Series B investor in DACH with positions in Consumer and PropTech. Occasionally opportunistic in digital health when the model is software-first.,"Fleetbase, Quotable",https://www.vertexventurepartners.example.com,contact@vertexventurepartners.example.com,70,100,30,100,Rubric-based demo scoring (offline mode).,72.5,130
INV0345,Nina Becker,Angel,Germany,DACH,Seed; Series A,10000,60000,Digital Health; Radiology AI,Specialist healthcare investor backing Digital Health companies in DACH. Sweet spot Seed; frequently co-invests with strategic medtech corporates and follows on through Series A.,"PathLens, DermaCheck",https://www.ninabecker.example.com,contact@ninabecker.example.com,70,100,30,100,Rubric-based demo scoring (offline mode).,72.5,131
INV0303,Polar Vermögensverwaltung,Family Office,Germany,DACH,Series A; Series B; Growth,100000,800000,Diagnostics; Radiology AI,"DACH-focused fund investing in Diagnostics, Radiology AI and adjacent life-science tooling from Series A to Growth. Values reimbursement strategy and health-system pilots over pure research.","NeuroBeam, RehabLoop",https://www.polarvermoegensverwaltun.example.com,contact@polarvermoegensverwaltun.example.com,88,55,44,100,Rubric-based demo scoring (offline mode).,72.2,132
INV0322,Hansa Vermögensverwaltung,Family Office,Austria,DACH,Series B; Growth,250000,1500000,AI in Healthcare; Radiology AI; BioTech,Invests in AI in Healthcare and Radiology AI startups at Series B stage across DACH. Thesis: software and AI will absorb routine clinical workflows; strong preference for founder-led commercial traction in hospitals.,"OncoView, MedFlow",https://www.hansavermoegensverwaltun.example.com,contact@hansavermoegensverwaltun.example.com,88,10,100,100,Rubric-based demo scoring (offline mode).,72.1,133
INV0173,Mont Invest,VC,United Kingdom,Europe,Series A; Series B,250000,1250000,BioTech; Diagnostics; AI in Healthcare,"Europe-focused fund investing in BioTech, Diagnostics and adjacent life-science tooling from Series A to Series B. Values reimbursement strategy and health-system pilots over pure research.","SurgIQ, NeuroBeam, VitalGraph",https://www.montinvest.example.com,contact@montinvest.example.com,79,55,80,65,Rubric-based demo scoring (offline mode).,71.8,134
INV0428,Juno Invest,VC,Denmark,Europe,Series A; Series B,250000,750000,Digital Health; Clinical Software; HealthTech,Specialist healthcare investor backing Digital Health companies in Europe. Sweet spot Series A; frequently co-invests with strategic medtech corporates and follows on through Series B.,"MediNotes, Klinix",https://www.junoinvest.example.com,contact@junoinvest.example.com,96,55,40,65,Rubric-based demo scoring (offline mode).,71.5,135
INV0328,JunoMed Corporate Ventures,CVC,United Kingdom,Europe,Seed; Series A; Series B,500000,4000000,BioTech; Radiology AI,"Europe-focused fund investing in BioTech, Radiology AI and adjacent life-science tooling from Seed to Series B. Values reimbursement strategy and health-system pilots over pure research.","MedFlow, Radiant Dx",https://www.junomedcorporateventures.example.com,contact@junomedcorporateventures.example.com,53,100,80,65,Rubric-based demo scoring (offline mode).,71.3,136
INV0329,Katharina Klein,Angel,Netherlands,Europe,Series A,10000,100000,Diagnostics; Digital Health; Radiology AI,"Europe-focused fund investing in Diagnostics, Digital Health and adjacent life-science tooling from Series A to Series A. Values reimbursement strategy and health-system pilots over pure research.","ScanIQ, CardioLink, TriageOS",https://www.katharinaklein.example.com,contact@katharinaklein.example.com,100,55,30,65,Rubric-based demo scoring (offline mode).,71.2,137
INV0478,Aurora Capital,VC,Germany,DACH,Series A; Series B; Growth,250000,1250000,AI in Healthcare; Clinical Software,Specialist healthcare investor backing AI in Healthcare companies in DACH. Sweet spot Series A; frequently co-invests with strategic medtech corporates and follows on through Growth.,"DermaCheck, OncoView, OrthoSense",https://www.auroracapital.example.com,contact@auroracapital.example.com,70,55,80,100,Rubric-based demo scoring (offline mode).,71.2,138
INV0355,Orion Capital,VC,Austria,DACH,Seed; Series A,500000,1500000,Deep Tech; Cybersecurity; Climate Tech; Diagnostics,"DACH fund focused on Deep Tech, Cybersecurity and data infrastructure at Seed stage. Thesis-driven around applied AI; healthcare exposure limited to a few portfolio bets.","EnergyKit, DataForge, Stackline",https://www.orioncapital.example.com,contact@orioncapital.example.com,44,100,80,100,Rubric-based demo scoring (offline mode).,70.8,139
INV0127,Willow Ventures,VC,Germany,DACH,Seed,250000,750000,AI/ML; PropTech; FinTech; HealthTech,Generalist Seed-to-Seed investor in DACH with positions in AI/ML and PropTech. Occasionally opportunistic in digital health when the model is software-first.,"EnergyKit, Quotable",https://www.willowventures.example.com,contact@willowventures.example.com,61,100,40,100,Rubric-based demo scoring (offline mode).,70.5,140
INV0448,DriftTech Strategic Ventures,CVC,United States,Global,Pre-Seed; Seed; Series A,2000000,10000000,Radiology AI; Clinical Software,Invests in Radiology AI and Clinical Software startups at Pre-Seed stage across Global. Thesis: software and AI will absorb routine clinical workflows; strong preference for founder-led commercial traction in hospitals.,"RehabLoop, Klinix, LabBridge",https://www.drifttechstrategicventur.example.com,contact@drifttechstrategicventur.example.com,79,100,30,35,Rubric-based demo scoring (offline mode).,70.1,141
INV0111,Willow VC,VC,Israel,Global,Seed; Series A,2000000,10000000,Digital Health; HealthTech,Invests in Digital Health and HealthTech startups at Seed stage across Global. Thesis: software and AI will absorb routine clinical workflows; strong preference for founder-led commercial traction in hospitals.,"NeuroBeam, VitalGraph, ScanIQ",https://www.willowvc.example.com,contact@willowvc.example.com,79,100,30,35,Rubric-based demo scoring (offline mode).,70.1,142
INV0234,Lena Weber,Angel,Switzerland,DACH,Series A; Series B,25000,150000,Medical Devices; BioTech; Radiology AI,"DACH-focused fund investing in Medical Devices, BioTech and adjacent life-science tooling from Series A to Series B. Values reimbursement strategy and health-system pilots over pure research.","CardioLink, NeuroBeam",https://www.lenaweber.example.com,contact@lenaweber.example.com,88,55,30,100,Rubric-based demo scoring (offline mode).,69.3,143
INV0300,Delta Invest,VC,Germany,DACH,Series A; Series B,2000000,10000000,Radiology AI; HealthTech,Invests in Radiology AI and HealthTech startups at Series A stage across DACH. Thesis: software and AI will absorb routine clinical workflows; strong preference for founder-led commercial traction in hospitals.,"Klinix, PulseWare",https://www.deltainvest.example.com,contact@deltainvest.example.com,88,55,30,100,Rubric-based demo scoring (offline mode).,69.3,144
INV0227,Falcon Venture Partners,VC,Belgium,Europe,Seed,2000000,6000000,HealthTech; Radiology AI,Specialist healthcare investor backing HealthTech companies in Europe. Sweet spot Seed; frequently co-invests with strategic medtech corporates and follows on through Seed.,"OrthoSense, PulseWare, OncoView",https://www.falconventurepartners.example.com,contact@falconventurepartners.example.com,70,100,30,65,Rubric-based demo scoring (offline mode).,69.0,145
INV0246,Erik Lange,Angel,Netherlands,Europe,Pre-Seed; Seed,25000,150000,Diagnostics; Digital Health,Specialist healthcare investor backing Diagnostics companies in Europe. Sweet spot Pre-Seed; frequently co-invests with strategic medtech corporates and follows on through Seed.,"MediNotes, Radiant Dx",https://www.eriklange.example.com,contact@eriklange.example.com,70,100,30,65,Rubric-based demo scoring (offline mode).,69.0,146
INV0323,David Andersen,Angel,Germany,DACH,Seed; Series A,25000,250000,BioTech; HealthTech; Digital Health,Specialist healthcare investor backing BioTech companies in DACH. Sweet spot Seed; frequently co-invests with strategic medtech corporates and follows on through Series A.,"PulseWare, LabBridge",https://www.davidandersen.example.com,contact@davidandersen.example.com,61,100,30,100,Rubric-based demo scoring (offline mode).,68.5,147
INV0015,Donau Invest,VC,Germany,DACH,Seed,2000000,16000000,B2B SaaS; Cybersecurity; HealthTech,Generalist Seed-to-Seed investor in DACH with positions in B2B SaaS and Cybersecurity. Occasionally opportunistic in digital health when the model is software-first.,"LedgerOne, ShipRadar",https://www.donauinvest.example.com,contact@donauinvest.example.com,61,100,30,100,Rubric-based demo scoring (offline mode).,68.5,148
INV0093,Juno Capital,VC,Canada,Global,Pre-Seed,2000000,6000000,Digital Health; Clinical Software; Radiology AI,"Global-focused fund investing in Digital Health, Clinical Software and adjacent life-science tooling from Pre-Seed to Pre-Seed. Values reimbursement strategy and health-system pilots over pure research.","Radiant Dx, PulseWare, CardioLink",https://www.junocapital.example.com,contact@junocapital.example.com,100,55,30,35,Rubric-based demo scoring (offline mode).,68.2,149
INV0006,Petra Hartmann,Angel,Germany,DACH,Series A; Series B; Growth,50000,300000,AI in Healthcare; Digital Health; Diagnostics,Specialist healthcare investor backing AI in Healthcare companies in DACH. Sweet spot Series A; frequently co-invests with strategic medtech corporates and follows on through Growth.,"MedFlow, CarePilot",https://www.petrahartmann.example.com,contact@petrahartmann.example.com,96,55,4,100,Rubric-based demo scoring (offline mode).,67.8,150
INV0179,Isar Invest,VC,Italy,Europe,Series A,1000000,5000000,Diagnostics; Digital Health,Invests in Diagnostics and Digital Health startups at Series A stage across Europe. Thesis: software and AI will absorb routine clinical workflows; strong preference for founder-led commercial traction in hospitals.,"OncoView, NeuroBeam",https://www.isarinvest.example.com,contact@isarinvest.example.com,88,55,40,65,Rubric-based demo scoring (offline mode).,67.8,151
INV0338,Granite VC,VC,Finland,Europe,Series A; Series B; Growth,250000,750000,HealthTech; Digital Health,"Backs Series A-to-Growth companies transforming healthcare delivery in Europe, with a focus on HealthTech and Digital Health. Looks for clinical validation and regulatory awareness (MDR/CE).","CardioLink, CarePilot, Radiant Dx",https://www.granitevc.example.com,contact@granitevc.example.com,88,55,40,65,Rubric-based demo scoring (offline mode).,67.8,152
INV0014,JunoCare Corporate Ventures,CVC,United Kingdom,Europe,Series A,500000,2500000,Clinical Software; HealthTech,Specialist healthcare investor backing Clinical Software companies in Europe. Sweet spot Series A; frequently co-invests with strategic medtech corporates and follows on through Series A.,"RehabLoop, TriageOS, OrthoSense",https://www.junocarecorporateventure.example.com,contact@junocarecorporateventure.example.com,70,55,80,65,Rubric-based demo scoring (offline mode).,67.8,153
INV0211,Isar Vermögensverwaltung,Family Office,Sweden,Europe,Series A; Series B; Growth,100000,400000,Radiology AI; Digital Health; HealthTech,"Europe-focused fund investing in Radiology AI, Digital Health and adjacent life-science tooling from Series A to Growth. Values reimbursement strategy and health-system pilots over pure research.","CardioLink, PathLens",https://www.isarvermoegensverwaltung.example.com,contact@isarvermoegensverwaltung.example.com,100,55,12,65,Rubric-based demo scoring (offline mode).,67.7,154
INV0412,Aurora Partners,VC,France,Europe,Seed; Series A,250000,750000,BioTech; HealthTech,"Backs Seed-to-Series A companies transforming healthcare delivery in Europe, with a focus on BioTech and HealthTech. Looks for clinical validation and regulatory awareness (MDR/CE).","DermaCheck, PathLens, CardioLink",https://www.aurorapartners.example.com,contact@aurorapartners.example.com,62,100,40,65,Rubric-based demo scoring (offline mode).,67.4,155
INV0292,Isar Group,Family Office,United Kingdom,Europe,Seed,500000,4000000,BioTech; Clinical Software,Specialist healthcare investor backing BioTech companies in Europe. Sweet spot Seed; frequently co-invests with strategic medtech corporates and follows on through Seed.,"CardioLink, CarePilot",https://www.isargroup.example.com,contact@isargroup.example.com,44,100,80,65,Rubric-based demo scoring (offline mode).,67.3,156
INV0477,Zurich Invest,VC,France,Europe,Pre-Seed; Seed; Series A,250000,2000000,FinTech; Logistics; PropTech; Radiology AI,Invests Pre-Seed-Series A in Europe across FinTech and Logistics. Prefers rounds with a clear 18-month path to the next milestone.,"DocuSpeed, RetailPulse, DataForge",https://www.zurichinvest.example.com,contact@zurichinvest.example.com,35,100,100,65,Rubric-based demo scoring (offline mode).,67.2,157
INV0454,Elbe Group,Family Office,Denmark,Europe,Pre-Seed; Seed; Series A,250000,1500000,EdTech; Logistics; Medical Devices,"Backs technical founders in EdTech and Logistics across Europe, Pre-Seed to Series A. Sector-agnostic within B2B; avoids capital-intensive hardware.","BuildOS, EnergyKit",https://www.elbegroup.example.com,contact@elbegroup.example.com,35,100,100,65,Rubric-based demo scoring (offline mode).,67.2,158
INV0302,Marble Partners,VC,Belgium,Europe,Seed; Series A; Series B,250000,2000000,Logistics; PropTech; Industrial Tech,Generalist Seed-to-Series B investor in Europe with positions in Logistics and PropTech. Occasionally opportunistic in digital health when the model is software-first.,"SecureLoop, RetailPulse",https://www.marblepartners.example.com,contact@marblepartners.example.com,35,100,100,65,Rubric-based demo scoring (offline mode).,67.2,159
INV0203,Vertex Growth,VC,France,Europe,Seed,250000,2000000,PropTech; B2B SaaS; Digital Health,Invests Seed-Seed in Europe across PropTech and B2B SaaS. Prefers rounds with a clear 18-month path to the next milestone.,"RetailPulse, PayNordic, BuildOS",https://www.vertexgrowth.example.com,contact@vertexgrowth.example.com,35,100,100,65,Rubric-based demo scoring (offline mode).,67.2,160
INV0418,Quantum Invest,VC,Sweden,Europe,Pre-Seed; Seed,250000,2000000,Cybersecurity; PropTech; Enterprise Software,Generalist Pre-Seed-to-Seed investor in Europe with positions in Cybersecurity and PropTech. Occasionally opportunistic in digital health when the model is software-first.,"PayNordic, TalentGrid",https://www.quantuminvest.example.com,contact@quantuminvest.example.com,35,100,100,65,Rubric-based demo scoring (offline mode).,67.2,161
INV0340,BerlinCare Innovation Fund,CVC,Spain,Europe,Pre-Seed; Seed,1000000,3000000,AI/ML; B2B SaaS; Logistics; HealthTech,Generalist Pre-Seed-to-Seed investor in Europe with positions in AI/ML and B2B SaaS. Occasionally opportunistic in digital health when the model is software-first.,"EnergyKit, ShipRadar, Fleetbase",https://www.berlincareinnovationfund.example.com,contact@berlincareinnovationfund.example.com,61,100,40,65,Rubric-based demo scoring (offline mode).,67.0,162
INV0296,Elena Müller,Angel,Sweden,Europe,Pre-Seed; Seed,50000,500000,B2B SaaS; AI/ML; Radiology AI,Generalist Pre-Seed-to-Seed investor in Europe with positions in B2B SaaS and AI/ML. Occasionally opportunistic in digital health when the model is software-first.,"PayNordic, SecureLoop",https://www.elenamueller.example.com,contact@elenamueller.example.com,70,100,20,65,Rubric-based demo scoring (offline mode).,67.0,163
INV0186,Mont Capital,VC,United States,Global,Pre-Seed,2000000,6000000,Diagnostics; HealthTech,"Backs Pre-Seed-to-Pre-Seed companies transforming healthcare delivery in Global, with a focus on Diagnostics and HealthTech. Looks for clinical validation and regulatory awareness (MDR/CE).","SurgIQ, MediNotes",https://www.montcapital.example.com,contact@montcapital.example.com,97,55,30,35,Rubric-based demo scoring (offline mode).,66.9,164
INV0354,Vega Beteiligungen,Family Office,Austria,DACH,Pre-Seed; Seed; Series A,500000,3000000,Logistics; EdTech; AI in Healthcare,"DACH fund focused on Logistics, EdTech and data infrastructure at Pre-Seed stage. Thesis-driven around applied AI; healthcare exposure limited to a few portfolio bets.","SecureLoop, PayNordic, TalentGrid",https://www.vegabeteiligungen.example.com,contact@vegabeteiligungen.example.com,35,100,80,100,Rubric-based demo scoring (offline mode).,66.8,165
INV0307,Kepler Ventures,VC,Austria,DACH,Pre-Seed; Seed,1000000,5000000,Diagnostics; BioTech,Invests in Diagnostics and BioTech startups at Pre-Seed stage across DACH. Thesis: software and AI will absorb routine clinical workflows; strong preference for founder-led commercial traction in hospitals.,"Radiant Dx, PulseWare",https://www.keplerventures.example.com,contact@keplerventures.example.com,53,100,40,100,Rubric-based demo scoring (offline mode).,66.8,166
INV0219,Cobalt Group,Family Office,Switzerland,DACH,Pre-Seed; Seed,500000,4000000,FinTech; Cybersecurity; Deep Tech,Generalist Pre-Seed-to-Seed investor in DACH with positions in FinTech and Cybersecurity. Occasionally opportunistic in digital health when the model is software-first.,"RetailPulse, ShipRadar, MetricHub",https://www.cobaltgroup.example.com,contact@cobaltgroup.example.com,35,100,80,100,Rubric-based demo scoring (offline mode).,66.8,167
INV0142,Nova VC,VC,Germany,DACH,Seed; Series A; Series B,250000,1250000,Industrial Tech; Enterprise Software; Deep Tech; Digital Health,Generalist Seed-to-Series B investor in DACH with positions in Industrial Tech and Enterprise Software. Occasionally opportunistic in digital health when the model is software-first.,"DataForge, SecureLoop, RetailPulse",https://www.novavc.example.com,contact@novavc.example.com,35,100,80,100,Rubric-based demo scoring (offline mode).,66.8,168
INV0217,Andreas Krause,Angel,Sweden,Europe,Series A; Series B,10000,40000,Radiology AI; BioTech; Digital Health,Invests in Radiology AI and BioTech startups at Series A stage across Europe. Thesis: software and AI will absorb routine clinical workflows; strong preference for founder-led commercial traction in hospitals.,"CarePilot, OncoView, TriageOS",https://www.andreaskrause.example.com,contact@andreaskrause.example.com,88,55,30,65,Rubric-based demo scoring (offline mode).,65.8,169
INV0061,ArgoHealth Innovation Fund,CVC,Singapore,Global,Series B; Growth,250000,1250000,AI in Healthcare; Medical Devices; BioTech,"Backs Series B-to-Growth companies transforming healthcare delivery in Global, with a focus on AI in Healthcare and Medical Devices. Looks for clinical validation and regulatory awareness (MDR/CE).","ScanIQ, MedFlow",https://www.argohealthinnovationfund.example.com,contact@argohealthinnovationfund.example.com,97,10,80,35,Rubric-based demo scoring (offline mode).,65.7,170
INV0262,Falcon Growth,VC,Austria,DACH,Series B; Growth,1000000,8000000,Clinical Software; Digital Health; Medical Devices,Invests in Clinical Software and Digital Health startups at Series B stage across DACH. Thesis: software and AI will absorb routine clinical workflows; strong preference for founder-led commercial traction in hospitals.,"PulseWare, CarePilot",https://www.falcongrowth.example.com,contact@falcongrowth.example.com,100,10,40,100,Rubric-based demo scoring (offline mode).,65.5,171
INV0336,Hansa Beteiligungen,Family Office,Netherlands,Europe,Seed; Series A; Series B,100000,400000,HealthTech; Radiology AI,Specialist healthcare investor backing HealthTech companies in Europe. Sweet spot Seed; frequently co-invests with strategic medtech corporates and follows on through Series B.,"PulseWare, OncoView",https://www.hansabeteiligungen.example.com,contact@hansabeteiligungen.example.com,70,100,12,65,Rubric-based demo scoring (offline mode).,65.4,172
INV0011,Felix Wagner,Angel,Austria,DACH,Pre-Seed,25000,100000,Diagnostics; Radiology AI,Specialist healthcare investor backing Diagnostics companies in DACH. Sweet spot Pre-Seed; frequently co-invests with strategic medtech corporates and follows on through Pre-Seed.,"MediNotes, OrthoSense",https://www.felixwagner.example.com,contact@felixwagner.example.com,79,55,30,100,Rubric-based demo scoring (offline mode).,65.3,173
INV0281,Nord Growth,VC,Austria,DACH,Seed; Series A,2000000,16000000,BioTech; Medical Devices,Invests in BioTech and Medical Devices startups at Seed stage across DACH. Thesis: software and AI will absorb routine clinical workflows; strong preference for founder-led commercial traction in hospitals.,"OncoView, OrthoSense",https://www.nordgrowth.example.com,contact@nordgrowth.example.com,53,100,30,100,Rubric-based demo scoring (offline mode).,64.8,174
INV0019,Vega VC,VC,United States,Global,Series A,250000,750000,Medical Devices; Clinical Software,"Global-focused fund investing in Medical Devices, Clinical Software and adjacent life-science tooling from Series A to Series A. Values reimbursement strategy and health-system pilots over pure research.","RehabLoop, OrthoSense",https://www.vegavc.example.com,contact@vegavc.example.com,88,55,40,35,Rubric-based demo scoring (offline mode).,64.8,175
INV0331,Anna Mayer,Angel,United Kingdom,Europe,Series A; Series B,50000,300000,Radiology AI; AI in Healthcare,"Backs Series A-to-Series B companies transforming healthcare delivery in Europe, with a focus on Radiology AI and AI in Healthcare. Looks for clinical validation and regulatory awareness (MDR/CE).","Klinix, OrthoSense, MedFlow",https://www.annamayer.example.com,contact@annamayer.example.com,97,55,4,65,Rubric-based demo scoring (offline mode).,64.7,176
INV0265,Alpen Family Office,Family Office,Germany,DACH,Series B; Growth,250000,1500000,Medical Devices; Digital Health,Specialist healthcare investor backing Medical Devices companies in DACH. Sweet spot Series B; frequently co-invests with strategic medtech corporates and follows on through Growth.,"CardioLink, Klinix",https://www.alpenfamilyoffice.example.com,contact@alpenfamilyoffice.example.com,70,10,100,100,Rubric-based demo scoring (offline mode).,64.0,177
INV0348,Astra Growth,VC,Germany,DACH,Series B; Growth,2000000,16000000,Radiology AI; AI in Healthcare; Diagnostics,Specialist healthcare investor backing Radiology AI companies in DACH. Sweet spot Series B; frequently co-invests with strategic medtech corporates and follows on through Growth.,"PulseWare, OrthoSense, MediNotes",https://www.astragrowth.example.com,contact@astragrowth.example.com,100,10,30,100,Rubric-based demo scoring (offline mode).,63.5,178
INV0434,Delta Group,Family Office,United Kingdom,Europe,Seed; Series A; Series B,500000,4000000,Industrial Tech; PropTech,Generalist Seed-to-Series B investor in Europe with positions in Industrial Tech and PropTech. Occasionally opportunistic in digital health when the model is software-first.,"SecureLoop, TalentGrid, DataForge",https://www.deltagroup.example.com,contact@deltagroup.example.com,35,100,80,65,Rubric-based demo scoring (offline mode).,63.2,179
INV0476,Vega Ventures,VC,France,Europe,Seed; Series A,500000,1500000,PropTech; Enterprise Software; Medical Devices,"Backs technical founders in PropTech and Enterprise Software across Europe, Seed to Series A. Sector-agnostic within B2B; avoids capital-intensive hardware.","RetailPulse, MetricHub, CloudMesh",https://www.vegaventures.example.com,contact@vegaventures.example.com,35,100,80,65,Rubric-based demo scoring (offline mode).,63.2,180
INV0230,Summit Venture Partners,VC,United Kingdom,Europe,Seed; Series A,500000,4000000,Industrial Tech; Consumer; AI/ML; AI in Healthcare,"Backs technical founders in Industrial Tech and Consumer across Europe, Seed to Series A. Sector-agnostic within B2B; avoids capital-intensive hardware.","BuildOS, DocuSpeed, Quotable",https://www.summitventurepartners.example.com,contact@summitventurepartners.example.com,35,100,80,65,Rubric-based demo scoring (offline mode).,63.2,181
INV0502,Drift VC,VC,United Kingdom,Europe,Seed; Series A,500000,1500000,AI/ML; Consumer; AI in Healthcare,"Backs technical founders in AI/ML and Consumer across Europe, Seed to Series A. Sector-agnostic within B2B; avoids capital-intensive hardware.","Stackline, TalentGrid, DataForge",https://www.driftvc.example.com,contact@driftvc.example.com,35,100,80,65,Rubric-based demo scoring (offline mode).,63.2,182
INV0360,Femto Partners,VC,Denmark,Europe,Seed; Series A,500000,2500000,AI/ML; Deep Tech; B2B SaaS,Generalist Seed-to-Series A investor in Europe with positions in AI/ML and Deep Tech. Occasionally opportunistic in digital health when the model is software-first.,"CloudMesh, DocuSpeed",https://www.femtopartners.example.com,contact@femtopartners.example.com,35,100,80,65,Rubric-based demo scoring (offline mode).,63.2,183
INV0377,Rhein Capital,VC,Finland,Europe,Pre-Seed; Seed,250000,1250000,PropTech; Cybersecurity; AI/ML,Generalist Pre-Seed-to-Seed investor in Europe with positions in PropTech and Cybersecurity. Occasionally opportunistic in digital health when the model is software-first.,"Stackline, MetricHub, DocuSpeed",https://www.rheincapital.example.com,contact@rheincapital.example.com,35,100,80,65,Rubric-based demo scoring (offline mode).,63.2,184
INV0225,Garnet Capital,VC,Germany,DACH,Series A; Series B; Growth,250000,750000,PropTech; Enterprise Software; AI/ML; Radiology AI,Generalist Series A-to-Growth investor in DACH with positions in PropTech and Enterprise Software. Occasionally opportunistic in digital health when the model is software-first.,"Fleetbase, Stackline",https://www.garnetcapital.example.com,contact@garnetcapital.example.com,70,55,40,100,Rubric-based demo scoring (offline mode).,63.2,185
INV0343,Berlin Partners,VC,Finland,Europe,Seed,250000,1250000,AI/ML; Climate Tech; Logistics,Generalist Seed-to-Seed investor in Europe with positions in AI/ML and Climate Tech. Occasionally opportunistic in digital health when the model is software-first.,"EnergyKit, RetailPulse, Fleetbase",https://www.berlinpartners.example.com,contact@berlinpartners.example.com,35,100,80,65,Rubric-based demo scoring (offline mode).,63.2,186
INV0209,Vega Holding,Family Office,Denmark,Europe,Seed; Series A,500000,2000000,Climate Tech; EdTech; Clinical Software,Invests Seed-Series A in Europe across Climate Tech and EdTech. Prefers rounds with a clear 18-month path to the next milestone.,"Fleetbase, CloudMesh",https://www.vegaholding.example.com,contact@vegaholding.example.com,35,100,80,65,Rubric-based demo scoring (offline mode).,63.2,187
INV0413,Cedar Venture Partners,VC,Netherlands,Europe,Seed; Series A,250000,1250000,Industrial Tech; Climate Tech; Clinical Software,Invests Seed-Series A in Europe across Industrial Tech and Climate Tech. Prefers rounds with a clear 18-month path to the next milestone.,"Fleetbase, Stackline",https://www.cedarventurepartners.example.com,contact@cedarventurepartners.example.com,35,100,80,65,Rubric-based demo scoring (offline mode).,63.2,188
INV0182,Mont Venture Partners,VC,Germany,DACH,Series A; Series B,1000000,5000000,Digital Health; Medical Devices,Specialist healthcare investor backing Digital Health companies in DACH. Sweet spot Series A; frequently co-invests with strategic medtech corporates and follows on through Series B.,"OrthoSense, MedFlow, OncoView",https://www.montventurepartners.example.com,contact@montventurepartners.example.com,70,55,40,100,Rubric-based demo scoring (offline mode).,63.2,189
INV0016,Tessel Family Office,Family Office,Austria,DACH,Seed; Series A,250000,1000000,FinTech; Deep Tech; Consumer; Diagnostics,Invests Seed-Series A in DACH across FinTech and Deep Tech. Prefers rounds with a clear 18-month path to the next milestone.,"Fleetbase, Stackline, LedgerOne",https://www.tesselfamilyoffice.example.com,contact@tesselfamilyoffice.example.com,35,100,60,100,Rubric-based demo scoring (offline mode).,62.8,190
INV0460,Nova Venture Partners,VC,Switzerland,DACH,Pre-Seed; Seed,1000000,3000000,AI in Healthcare; BioTech,"DACH-focused fund investing in AI in Healthcare, BioTech and adjacent life-science tooling from Pre-Seed to Seed. Values reimbursement strategy and health-system pilots over pure research.","CarePilot, VitalGraph, NeuroBeam",https://www.novaventurepartners.example.com,contact@novaventurepartners.example.com,44,100,40,100,Rubric-based demo scoring (offline mode).,62.8,191
INV0277,Felix Krause,Angel,France,Europe,Series A; Series B,25000,250000,Diagnostics; Medical Devices,Specialist healthcare investor backing Diagnostics companies in Europe. Sweet spot Series A; frequently co-invests with strategic medtech corporates and follows on through Series B.,"MedFlow, DermaCheck",https://www.felixkrause.example.com,contact@felixkrause.example.com,79,55,30,65,Rubric-based demo scoring (offline mode).,61.8,192
INV0318,Rhein Strategic Ventures,CVC,France,Europe,Series A,2000000,16000000,HealthTech; Radiology AI,"Europe-focused fund investing in HealthTech, Radiology AI and adjacent life-science tooling from Series A to Series A. Values reimbursement strategy and health-system pilots over pure research.","CardioLink, Radiant Dx, MediNotes",https://www.rheinstrategicventures.example.com,contact@rheinstrategicventures.example.com,79,55,30,65,Rubric-based demo scoring (offline mode).,61.8,193
INV0137,Summit Vermögensverwaltung,Family Office,United States,Global,Series B; Growth,250000,1500000,Clinical Software; HealthTech,"Global-focused fund investing in Clinical Software, HealthTech and adjacent life-science tooling from Series B to Growth. Values reimbursement strategy and health-system pilots over pure research.","PathLens, DermaCheck, SurgIQ",https://www.summitvermoegensverwaltu.example.com,contact@summitvermoegensverwaltu.example.com,79,10,100,35,Rubric-based demo scoring (offline mode).,61.6,194
INV0124,Jonas Meier,Angel,Netherlands,Europe,Seed,10000,40000,BioTech; Digital Health,Invests in BioTech and Digital Health startups at Seed stage across Europe. Thesis: software and AI will absorb routine clinical workflows; strong preference for founder-led commercial traction in hospitals.,"PathLens, DermaCheck, PulseWare",https://www.jonasmeier.example.com,contact@jonasmeier.example.com,53,100,30,65,Rubric-based demo scoring (offline mode).,61.4,195
INV0282,Tessel Holding,Family Office,Austria,DACH,Series A; Series B,100000,600000,Diagnostics; AI in Healthcare,Specialist healthcare investor backing Diagnostics companies in DACH. Sweet spot Series A; frequently co-invests with strategic medtech corporates and follows on through Series B.,"DermaCheck, Klinix",https://www.tesselholding.example.com,contact@tesselholding.example.com,70,55,28,100,Rubric-based demo scoring (offline mode).,60.9,196
INV0033,Nord VC,VC,Switzerland,DACH,Pre-Seed; Seed,2000000,16000000,AI in Healthcare; BioTech,"DACH-focused fund investing in AI in Healthcare, BioTech and adjacent life-science tooling from Pre-Seed to Seed. Values reimbursement strategy and health-system pilots over pure research.","VitalGraph, CarePilot, MediNotes",https://www.nordvc.example.com,contact@nordvc.example.com,44,100,30,100,Rubric-based demo scoring (offline mode).,60.8,197
INV0086,Isabelle Hoffmann,Angel,Germany,DACH,Seed; Series A,10000,100000,Clinical Software; BioTech,Specialist healthcare investor backing Clinical Software companies in DACH. Sweet spot Seed; frequently co-invests with strategic medtech corporates and follows on through Series A.,"SurgIQ, OncoView",https://www.isabellehoffmann.example.com,contact@isabellehoffmann.example.com,44,100,30,100,Rubric-based demo scoring (offline mode).,60.8,198
INV0169,Cobalt Growth,VC,Germany,DACH,Pre-Seed; Seed,2000000,10000000,Digital Health; BioTech,"DACH-focused fund investing in Digital Health, BioTech and adjacent life-science tooling from Pre-Seed to Seed. Values reimbursement strategy and health-system pilots over pure research.","Klinix, DermaCheck",https://www.cobaltgrowth.example.com,contact@cobaltgrowth.example.com,44,100,30,100,Rubric-based demo scoring (offline mode).,60.8,199
INV0167,Hansa Invest,VC,Singapore,Global,Seed,500000,4000000,EdTech; Industrial Tech; Climate Tech,Generalist Seed-to-Seed investor in Global with positions in EdTech and Industrial Tech. Occasionally opportunistic in digital health when the model is software-first.,"CloudMesh, SecureLoop",https://www.hansainvest.example.com,contact@hansainvest.example.com,35,100,80,35,Rubric-based demo scoring (offline mode).,60.2,200
INV0199,Delta Capital,VC,Singapore,Global,Seed; Series A,250000,1250000,PropTech; AI/ML; Industrial Tech,Generalist Seed-to-Series A investor in Global with positions in PropTech and AI/ML. Occasionally opportunistic in digital health when the model is software-first.,"BuildOS, DataForge, RetailPulse",https://www.deltacapital.example.com,contact@deltacapital.example.com,35,100,80,35,Rubric-based demo scoring (offline mode).,60.2,201
INV0156,Argo Holding,Family Office,Finland,Europe,Pre-Seed,500000,4000000,BioTech; HealthTech,Invests in BioTech and HealthTech startups at Pre-Seed stage across Europe. Thesis: software and AI will absorb routine clinical workflows; strong preference for founder-led commercial traction in hospitals.,"RehabLoop, LabBridge",https://www.argoholding.example.com,contact@argoholding.example.com,53,55,80,65,Rubric-based demo scoring (offline mode).,60.1,202
INV0051,VegaMed Innovation Fund,CVC,Switzerland,DACH,Series B,500000,2500000,Digital Health; AI in Healthcare,"DACH-focused fund investing in Digital Health, AI in Healthcare and adjacent life-science tooling from Series B to Series B. Values reimbursement strategy and health-system pilots over pure research.","SurgIQ, Radiant Dx, DermaCheck",https://www.vegamedinnovationfund.example.com,contact@vegamedinnovationfund.example.com,70,10,80,100,Rubric-based demo scoring (offline mode).,60.0,203
INV0164,Lena Weiss,Angel,Norway,Europe,Series B; Growth,25000,100000,Digital Health; Diagnostics; Radiology AI,"Backs Series B-to-Growth companies transforming healthcare delivery in Europe, with a focus on Digital Health and Diagnostics. Looks for clinical validation and regulatory awareness (MDR/CE).","PathLens, CardioLink",https://www.lenaweiss.example.com,contact@lenaweiss.example.com,100,10,30,65,Rubric-based demo scoring (offline mode).,60.0,204
INV0353,Sterling VC,VC,Norway,Europe,Series B; Growth,2000000,6000000,Radiology AI; AI in Healthcare; HealthTech,"Backs Series B-to-Growth companies transforming healthcare delivery in Europe, with a focus on Radiology AI and AI in Healthcare. Looks for clinical validation and regulatory awareness (MDR/CE).","OncoView, MediNotes, PulseWare",https://www.sterlingvc.example.com,contact@sterlingvc.example.com,100,10,30,65,Rubric-based demo scoring (offline mode).,60.0,205
INV0419,Isabelle Schröder,Angel,France,Europe,Series B; Growth,10000,40000,Digital Health; Clinical Software; Diagnostics,"Europe-focused fund investing in Digital Health, Clinical Software and adjacent life-science tooling from Series B to Growth. Values reimbursement strategy and health-system pilots over pure research.","MedFlow, TriageOS, ScanIQ",https://www.isabelleschroeder.example.com,contact@isabelleschroeder.example.com,100,10,30,65,Rubric-based demo scoring (offline mode).,60.0,206
INV0341,Isar VC,VC,Germany,DACH,Series B; Growth,250000,1250000,AI in Healthcare; Diagnostics; BioTech,Specialist healthcare investor backing AI in Healthcare companies in DACH. Sweet spot Series B; frequently co-invests with strategic medtech corporates and follows on through Growth.,"ScanIQ, RehabLoop, PathLens",https://www.isarvc.example.com,contact@isarvc.example.com,70,10,80,100,Rubric-based demo scoring (offline mode).,60.0,207
INV0208,Atlas Venture Partners,VC,United Kingdom,Europe,Series B; Growth,2000000,16000000,Clinical Software; Radiology AI; Digital Health,"Backs Series B-to-Growth companies transforming healthcare delivery in Europe, with a focus on Clinical Software and Radiology AI. Looks for clinical validation and regulatory awareness (MDR/CE).","MedFlow, VitalGraph",https://www.atlasventurepartners.example.com,contact@atlasventurepartners.example.com,100,10,30,65,Rubric-based demo scoring (offline mode).,60.0,208
INV0189,Granite Growth,VC,Sweden,Europe,Series A; Series B,1000000,5000000,AI in Healthcare; Digital Health,"Europe-focused fund investing in AI in Healthcare, Digital Health and adjacent life-science tooling from Series A to Series B. Values reimbursement strategy and health-system pilots over pure research.","DermaCheck, NeuroBeam, RehabLoop",https://www.granitegrowth.example.com,contact@granitegrowth.example.com,70,55,40,65,Rubric-based demo scoring (offline mode).,59.8,209
INV0447,Cedar Vermögensverwaltung,Family Office,Norway,Europe,Series B; Growth,100000,600000,Radiology AI; Clinical Software; AI in Healthcare,Specialist healthcare investor backing Radiology AI companies in Europe. Sweet spot Series B; frequently co-invests with strategic medtech corporates and follows on through Growth.,"TriageOS, CardioLink",https://www.cedarvermoegensverwaltun.example.com,contact@cedarvermoegensverwaltun.example.com,100,10,28,65,Rubric-based demo scoring (offline mode).,59.6,210
INV0385,Pinnacle Capital,VC,Germany,DACH,Pre-Seed,500000,1500000,FinTech; Deep Tech; AI/ML; Clinical Software,"DACH fund focused on FinTech, Deep Tech and data infrastructure at Pre-Seed stage. Thesis-driven around applied AI; healthcare exposure limited to a few portfolio bets.","Fleetbase, Quotable",https://www.pinnaclecapital.example.com,contact@pinnaclecapital.example.com,44,55,80,100,Rubric-based demo scoring (offline mode).,59.5,211
INV0370,Donau Venture Partners,VC,United Kingdom,Europe,Seed; Series A; Series B,1000000,5000000,B2B SaaS; EdTech; Logistics; Radiology AI,"Europe fund focused on B2B SaaS, EdTech and data infrastructure at Seed stage. Thesis-driven around applied AI; healthcare exposure limited to a few portfolio bets.","SecureLoop, ShipRadar",https://www.donauventurepartners.example.com,contact@donauventurepartners.example.com,44,100,40,65,Rubric-based demo scoring (offline mode).,59.3,212
INV0509,Kepler Invest,VC,Austria,DACH,Series A; Series B,1000000,3000000,EdTech; Deep Tech; Cybersecurity; AI in Healthcare,Generalist Series A-to-Series B investor in DACH with positions in EdTech and Deep Tech. Occasionally opportunistic in digital health when the model is software-first.,"TalentGrid, Stackline",https://www.keplerinvest.example.com,contact@keplerinvest.example.com,61,55,40,100,Rubric-based demo scoring (offline mode).,59.2,213
INV0242,Elbe Partners,VC,Austria,DACH,Seed; Series A; Series B,1000000,5000000,EdTech; Consumer; AI/ML,Generalist Seed-to-Series B investor in DACH with positions in EdTech and Consumer. Occasionally opportunistic in digital health when the model is software-first.,"EnergyKit, RetailPulse",https://www.elbepartners.example.com,contact@elbepartners.example.com,35,100,40,100,Rubric-based demo scoring (offline mode).,58.8,214
INV0171,AuroraMed Innovation Fund,CVC,Germany,DACH,Seed,250000,750000,PropTech; Climate Tech,Generalist Seed-to-Seed investor in DACH with positions in PropTech and Climate Tech. Occasionally opportunistic in digital health when the model is software-first.,"DataForge, Stackline, LedgerOne",https://www.auroramedinnovationfund.example.com,contact@auroramedinnovationfund.example.com,35,100,40,100,Rubric-based demo scoring (offline mode).,58.8,215
INV0044,Pinnacle Partners,VC,Germany,DACH,Seed; Series A; Series B,1000000,8000000,Deep Tech; Cybersecurity; PropTech,Generalist Seed-to-Series B investor in DACH with positions in Deep Tech and Cybersecurity. Occasionally opportunistic in digital health when the model is software-first.,"DocuSpeed, AgriSense",https://www.pinnaclepartners.example.com,contact@pinnaclepartners.example.com,35,100,40,100,Rubric-based demo scoring (offline mode).,58.8,216
INV0079,Basil Invest,VC,Germany,DACH,Seed,1000000,8000000,PropTech; Industrial Tech; AI/ML,Generalist Seed-to-Seed investor in DACH with positions in PropTech and Industrial Tech. Occasionally opportunistic in digital health when the model is software-first.,"AgriSense, Stackline, Quotable",https://www.basilinvest.example.com,contact@basilinvest.example.com,35,100,40,100,Rubric-based demo scoring (offline mode).,58.8,217
INV0392,Alpen VC,VC,Netherlands,Europe,Series A; Series B,2000000,6000000,BioTech; Radiology AI,"Backs Series A-to-Series B companies transforming healthcare delivery in Europe, with a focus on BioTech and Radiology AI. Looks for clinical validation and regulatory awareness (MDR/CE).","ScanIQ, PulseWare, CarePilot",https://www.alpenvc.example.com,contact@alpenvc.example.com,71,55,30,65,Rubric-based demo scoring (offline mode).,58.2,218
INV0519,Maximilian Mayer,Angel,Germany,DACH,Series A; Series B; Growth,25000,100000,PropTech; Logistics; HealthTech,Generalist Series A-to-Growth investor in DACH with positions in PropTech and Logistics. Occasionally opportunistic in digital health when the model is software-first.,"AgriSense, Fleetbase",https://www.maximilianmayer.example.com,contact@maximilianmayer.example.com,61,55,30,100,Rubric-based demo scoring (offline mode).,57.2,219
INV0065,Tyrol Capital,VC,Switzerland,DACH,Seed; Series A,2000000,16000000,Climate Tech; Cybersecurity; Logistics,Generalist Seed-to-Series A investor in DACH with positions in Climate Tech and Cybersecurity. Occasionally opportunistic in digital health when the model is software-first.,"DocuSpeed, LedgerOne",https://www.tyrolcapital.example.com,contact@tyrolcapital.example.com,35,100,30,100,Rubric-based demo scoring (offline mode).,56.8,220
INV0356,Union Venture Partners,VC,Germany,DACH,Pre-Seed; Seed,2000000,6000000,EdTech; PropTech; FinTech; Diagnostics,Invests Pre-Seed-Seed in DACH across EdTech and PropTech. Prefers rounds with a clear 18-month path to the next milestone.,"AgriSense, TalentGrid",https://www.unionventurepartners.example.com,contact@unionventurepartners.example.com,35,100,30,100,Rubric-based demo scoring (offline mode).,56.8,221
INV0372,Julia Lange,Angel,Germany,DACH,Pre-Seed; Seed; Series A,50000,200000,Consumer; Logistics; EdTech,Generalist Pre-Seed-to-Series A investor in DACH with positions in Consumer and Logistics. Occasionally opportunistic in digital health when the model is software-first.,"DataForge, AgriSense, SecureLoop",https://www.julialange.example.com,contact@julialange.example.com,35,100,30,100,Rubric-based demo scoring (offline mode).,56.8,222
INV0487,Kepler Partners,VC,Germany,DACH,Seed; Series A,2000000,16000000,FinTech; Deep Tech; Diagnostics,Invests Seed-Series A in DACH across FinTech and Deep Tech. Prefers rounds with a clear 18-month path to the next milestone.,"MetricHub, AgriSense",https://www.keplerpartners.example.com,contact@keplerpartners.example.com,35,100,30,100,Rubric-based demo scoring (offline mode).,56.8,223
INV0386,Erik Rossi,Angel,Germany,DACH,Pre-Seed; Seed,10000,60000,EdTech; Climate Tech; Consumer; AI in Healthcare,"Backs technical founders in EdTech and Climate Tech across DACH, Pre-Seed to Seed. Sector-agnostic within B2B; avoids capital-intensive hardware.","ShipRadar, MetricHub, Fleetbase",https://www.erikrossi.example.com,contact@erikrossi.example.com,35,100,30,100,Rubric-based demo scoring (offline mode).,56.8,224
INV0026,Lena Werner,Angel,Austria,DACH,Pre-Seed; Seed,10000,40000,FinTech; Climate Tech,Generalist Pre-Seed-to-Seed investor in DACH with positions in FinTech and Climate Tech. Occasionally opportunistic in digital health when the model is software-first.,"DocuSpeed, EnergyKit, SecureLoop",https://www.lenawerner.example.com,contact@lenawerner.example.com,35,100,30,100,Rubric-based demo scoring (offline mode).,56.8,225
INV0430,LumenCare Strategic Ventures,CVC,Germany,DACH,Pre-Seed; Seed; Series A,2000000,10000000,EdTech; FinTech; Clinical Software,Invests Pre-Seed-Series A in DACH across EdTech and FinTech. Prefers rounds with a clear 18-month path to the next milestone.,"Stackline, ShipRadar, DataForge",https://www.lumencarestrategicventur.example.com,contact@lumencarestrategicventur.example.com,35,100,30,100,Rubric-based demo scoring (offline mode).,56.8,226
INV0450,Union Growth,VC,Germany,DACH,Seed; Series A; Series B,2000000,6000000,Enterprise Software; Cybersecurity; Consumer,Generalist Seed-to-Series B investor in DACH with positions in Enterprise Software and Cybersecurity. Occasionally opportunistic in digital health when the model is software-first.,"EnergyKit, SecureLoop, CloudMesh",https://www.uniongrowth.example.com,contact@uniongrowth.example.com,35,100,30,100,Rubric-based demo scoring (offline mode).,56.8,227
INV0304,Beacon Holding,Family Office,Switzerland,DACH,Seed; Series A,100000,600000,FinTech; Enterprise Software,Generalist Seed-to-Series A investor in DACH with positions in FinTech and Enterprise Software. Occasionally opportunistic in digital health when the model is software-first.,"CloudMesh, DataForge, Quotable",https://www.beaconholding.example.com,contact@beaconholding.example.com,35,100,28,100,Rubric-based demo scoring (offline mode).,56.4,228
INV0153,Vienna Invest,VC,United Kingdom,Europe,Series A; Series B; Growth,250000,750000,BioTech; AI in Healthcare,"Backs Series A-to-Growth companies transforming healthcare delivery in Europe, with a focus on BioTech and AI in Healthcare. Looks for clinical validation and regulatory awareness (MDR/CE).","Klinix, OrthoSense, PulseWare",https://www.viennainvest.example.com,contact@viennainvest.example.com,62,55,40,65,Rubric-based demo scoring (offline mode).,56.2,229
INV0267,Helix Ventures,VC,Germany,DACH,Series B; Growth,500000,2500000,AI in Healthcare; Digital Health,Specialist healthcare investor backing AI in Healthcare companies in DACH. Sweet spot Series B; frequently co-invests with strategic medtech corporates and follows on through Growth.,"DermaCheck, MedFlow",https://www.helixventures.example.com,contact@helixventures.example.com,61,10,80,100,Rubric-based demo scoring (offline mode).,56.0,230
INV0432,LindenTech Corporate Ventures,CVC,Denmark,Europe,Series A; Series B; Growth,250000,2000000,Logistics; Enterprise Software; PropTech,Generalist Series A-to-Growth investor in Europe with positions in Logistics and Enterprise Software. Occasionally opportunistic in digital health when the model is software-first.,"SecureLoop, EnergyKit, DocuSpeed",https://www.lindentechcorporateventu.example.com,contact@lindentechcorporateventu.example.com,35,55,100,65,Rubric-based demo scoring (offline mode).,56.0,231
INV0003,Drift Group,Family Office,France,Europe,Seed; Series A; Series B,100000,800000,PropTech; Logistics; Industrial Tech,Generalist Seed-to-Series B investor in Europe with positions in PropTech and Logistics. Occasionally opportunistic in digital health when the model is software-first.,"LedgerOne, RetailPulse",https://www.driftgroup.example.com,contact@driftgroup.example.com,35,100,44,65,Rubric-based demo scoring (offline mode).,56.0,232
INV0290,Alpen Partners,VC,Germany,DACH,Series B; Growth,500000,1500000,HealthTech; AI in Healthcare,Specialist healthcare investor backing HealthTech companies in DACH. Sweet spot Series B; frequently co-invests with strategic medtech corporates and follows on through Growth.,"LabBridge, PathLens, RehabLoop",https://www.alpenpartners.example.com,contact@alpenpartners.example.com,61,10,80,100,Rubric-based demo scoring (offline mode).,56.0,233
INV0498,Marie Huber,Angel,Austria,DACH,Seed; Series A,50000,300000,BioTech; Radiology AI,Specialist healthcare investor backing BioTech companies in DACH. Sweet spot Seed; frequently co-invests with strategic medtech corporates and follows on through Series A.,"OrthoSense, OncoView",https://www.mariehuber.example.com,contact@mariehuber.example.com,44,100,4,100,Rubric-based demo scoring (offline mode).,55.6,234
INV0278,Garnet Holding,Family Office,Austria,DACH,Series A,500000,4000000,B2B SaaS; Deep Tech; Cybersecurity; HealthTech,"DACH fund focused on B2B SaaS, Deep Tech and data infrastructure at Series A stage. Thesis-driven around applied AI; healthcare exposure limited to a few portfolio bets.","CloudMesh, Stackline",https://www.garnetholding.example.com,contact@garnetholding.example.com,35,55,80,100,Rubric-based demo scoring (offline mode).,55.5,235
INV0344,Lumen Growth,VC,France,Europe,Seed; Series A,250000,2000000,EdTech; B2B SaaS; Cybersecurity,"Europe fund focused on EdTech, B2B SaaS and data infrastructure at Seed stage. Thesis-driven around applied AI; healthcare exposure limited to a few portfolio bets.","DataForge, ShipRadar",https://www.lumengrowth.example.com,contact@lumengrowth.example.com,9,100,100,65,Rubric-based demo scoring (offline mode).,55.5,236
INV0073,Tessel Venture Partners,VC,Austria,DACH,Series A; Series B,250000,1250000,AI in Healthcare; BioTech,Specialist healthcare investor backing AI in Healthcare companies in DACH. Sweet spot Series A; frequently co-invests with strategic medtech corporates and follows on through Series B.,"SurgIQ, PulseWare",https://www.tesselventurepartners.example.com,contact@tesselventurepartners.example.com,35,55,80,100,Rubric-based demo scoring (offline mode).,55.5,237
INV0154,VertexMed Strategic Ventures,CVC,Germany,DACH,Series A; Series B,250000,1250000,EdTech; FinTech; Consumer,Generalist Series A-to-Series B investor in DACH with positions in EdTech and FinTech. Occasionally opportunistic in digital health when the model is software-first.,"ShipRadar, LedgerOne",https://www.vertexmedstrategicventur.example.com,contact@vertexmedstrategicventur.example.com,35,55,80,100,Rubric-based demo scoring (offline mode).,55.5,238
INV0424,Union Capital,VC,Netherlands,Europe,Seed; Series A,250000,750000,Deep Tech; Enterprise Software,Generalist Seed-to-Series A investor in Europe with positions in Deep Tech and Enterprise Software. Occasionally opportunistic in digital health when the model is software-first.,"BuildOS, EnergyKit",https://www.unioncapital.example.com,contact@unioncapital.example.com,35,100,40,65,Rubric-based demo scoring (offline mode).,55.2,239
INV0066,Drift Ventures,VC,France,Europe,Seed; Series A,1000000,5000000,PropTech; Climate Tech; Digital Health,Generalist Seed-to-Series A investor in Europe with positions in PropTech and Climate Tech. Occasionally opportunistic in digital health when the model is software-first.,"DataForge, AgriSense, EnergyKit",https://www.driftventures.example.com,contact@driftventures.example.com,35,100,40,65,Rubric-based demo scoring (offline mode).,55.2,240
INV0072,Berlin Venture Partners,VC,Netherlands,Europe,Seed; Series A,1000000,3000000,EdTech; B2B SaaS; Consumer; Digital Health,"Europe fund focused on EdTech, B2B SaaS and data infrastructure at Seed stage. Thesis-driven around applied AI; healthcare exposure limited to a few portfolio bets.","RetailPulse, AgriSense, SecureLoop",https://www.berlinventurepartners.example.com,contact@berlinventurepartners.example.com,35,100,40,65,Rubric-based demo scoring (offline mode).,55.2,241
INV0239,Vienna Capital,VC,United Kingdom,Europe,Seed,250000,750000,PropTech; AI/ML; Logistics,Generalist Seed-to-Seed investor in Europe with positions in PropTech and AI/ML. Occasionally opportunistic in digital health when the model is software-first.,"DocuSpeed, Quotable, MetricHub",https://www.viennacapital.example.com,contact@viennacapital.example.com,35,100,40,65,Rubric-based demo scoring (offline mode).,55.2,242
INV0369,Vega Venture Partners,VC,Sweden,Europe,Pre-Seed; Seed,1000000,8000000,Climate Tech; Consumer; Clinical Software,Invests Pre-Seed-Seed in Europe across Climate Tech and Consumer. Prefers rounds with a clear 18-month path to the next milestone.,"MetricHub, SecureLoop",https://www.vegaventurepartners.example.com,contact@vegaventurepartners.example.com,35,100,40,65,Rubric-based demo scoring (offline mode).,55.2,243
INV0427,Basil Ventures,VC,Austria,DACH,Pre-Seed; Seed,500000,2500000,FinTech; B2B SaaS,"DACH fund focused on FinTech, B2B SaaS and data infrastructure at Pre-Seed stage. Thesis-driven around applied AI; healthcare exposure limited to a few portfolio bets.","Fleetbase, DocuSpeed",https://www.basilventures.example.com,contact@basilventures.example.com,9,100,80,100,Rubric-based demo scoring (offline mode).,55.0,244
INV0076,Rhein Ventures,VC,Switzerland,DACH,Seed; Series A,250000,2000000,Logistics; EdTech,Invests Seed-Series A in DACH across Logistics and EdTech. Prefers rounds with a clear 18-month path to the next milestone.,"EnergyKit, MetricHub",https://www.rheinventures.example.com,contact@rheinventures.example.com,0,100,100,100,Rubric-based demo scoring (offline mode).,55.0,245
INV0423,Hansa Partners,VC,Switzerland,DACH,Seed; Series A,500000,4000000,Cybersecurity; Climate Tech; B2B SaaS; BioTech,"DACH fund focused on Cybersecurity, Climate Tech and data infrastructure at Seed stage. Thesis-driven around applied AI; healthcare exposure limited to a few portfolio bets.","Stackline, MetricHub",https://www.hansapartners.example.com,contact@hansapartners.example.com,9,100,80,100,Rubric-based demo scoring (offline mode).,55.0,246
INV0462,Zurich Partners,VC,Germany,DACH,Pre-Seed; Seed; Series A,500000,4000000,B2B SaaS; AI/ML,"DACH fund focused on B2B SaaS, AI/ML and data infrastructure at Pre-Seed stage. Thesis-driven around applied AI; healthcare exposure limited to a few portfolio bets.","CloudMesh, ShipRadar",https://www.zurichpartners.example.com,contact@zurichpartners.example.com,9,100,80,100,Rubric-based demo scoring (offline mode).,55.0,247
INV0175,ElbeTech Corporate Ventures,CVC,Germany,DACH,Seed; Series A,250000,2000000,Logistics; EdTech; AI/ML,"Backs technical founders in Logistics and EdTech across DACH, Seed to Series A. Sector-agnostic within B2B; avoids capital-intensive hardware.","TalentGrid, Fleetbase, LedgerOne",https://www.elbetechcorporateventure.example.com,contact@elbetechcorporateventure.example.com,0,100,100,100,Rubric-based demo scoring (offline mode).,55.0,248
INV0492,Riverside Capital,VC,Germany,DACH,Seed; Series A,500000,1500000,Logistics; Deep Tech; B2B SaaS,"DACH fund focused on Logistics, Deep Tech and data infrastructure at Seed stage. Thesis-driven around applied AI; healthcare exposure limited to a few portfolio bets.","DocuSpeed, AgriSense",https://www.riversidecapital.example.com,contact@riversidecapital.example.com,9,100,80,100,Rubric-based demo scoring (offline mode).,55.0,249
INV0190,Orion Invest,VC,Germany,DACH,Seed; Series A,250000,2000000,Enterprise Software; Deep Tech,Invests Seed-Series A in DACH across Enterprise Software and Deep Tech. Prefers rounds with a clear 18-month path to the next milestone.,"Stackline, Fleetbase",https://www.orioninvest.example.com,contact@orioninvest.example.com,0,100,100,100,Rubric-based demo scoring (offline mode).,55.0,250
INV0080,MontTech Corporate Ventures,CVC,Switzerland,DACH,Pre-Seed; Seed,250000,2000000,PropTech; Industrial Tech,"Backs technical founders in PropTech and Industrial Tech across DACH, Pre-Seed to Seed. Sector-agnostic within B2B; avoids capital-intensive hardware.","CloudMesh, Fleetbase, EnergyKit",https://www.monttechcorporateventure.example.com,contact@monttechcorporateventure.example.com,0,100,100,100,Rubric-based demo scoring (offline mode).,55.0,251
INV0204,Lukas Werner,Angel,Austria,DACH,Seed,50000,500000,Logistics; EdTech; AI/ML,Generalist Seed-to-Seed investor in DACH with positions in Logistics and EdTech. Occasionally opportunistic in digital health when the model is software-first.,"TalentGrid, PayNordic",https://www.lukaswerner.example.com,contact@lukaswerner.example.com,35,100,20,100,Rubric-based demo scoring (offline mode).,54.8,252
INV0166,Helix Holding,Family Office,Norway,Europe,Pre-Seed; Seed; Series A,100000,400000,PropTech; B2B SaaS; Industrial Tech; Clinical Software,"Europe fund focused on PropTech, B2B SaaS and data infrastructure at Pre-Seed stage. Thesis-driven around applied AI; healthcare exposure limited to a few portfolio bets.","ShipRadar, BuildOS",https://www.helixholding.example.com,contact@helixholding.example.com,44,100,12,65,Rubric-based demo scoring (offline mode).,53.7,253
INV0027,Maximilian Müller,Angel,Switzerland,DACH,Series A,25000,100000,BioTech; Medical Devices,Invests in BioTech and Medical Devices startups at Series A stage across DACH. Thesis: software and AI will absorb routine clinical workflows; strong preference for founder-led commercial traction in hospitals.,"LabBridge, OrthoSense",https://www.maximilianmueller.example.com,contact@maximilianmueller.example.com,53,55,30,100,Rubric-based demo scoring (offline mode).,53.6,254
INV0317,Sterling Venture Partners,VC,France,Europe,Seed; Series A; Series B,2000000,16000000,Consumer; Industrial Tech; FinTech,Generalist Seed-to-Series B investor in Europe with positions in Consumer and Industrial Tech. Occasionally opportunistic in digital health when the model is software-first.,"LedgerOne, AgriSense, BuildOS",https://www.sterlingventurepartners.example.com,contact@sterlingventurepartners.example.com,35,100,30,65,Rubric-based demo scoring (offline mode).,53.2,255
INV0330,Tyrol VC,VC,Netherlands,Europe,Pre-Seed; Seed; Series A,2000000,6000000,Industrial Tech; PropTech; Deep Tech,Generalist Pre-Seed-to-Series A investor in Europe with positions in Industrial Tech and PropTech. Occasionally opportunistic in digital health when the model is software-first.,"SecureLoop, PayNordic, DocuSpeed",https://www.tyrolvc.example.com,contact@tyrolvc.example.com,35,100,30,65,Rubric-based demo scoring (offline mode).,53.2,256
INV0056,Isabelle Richter,Angel,United Kingdom,Europe,Seed,25000,150000,Logistics; Industrial Tech,Generalist Seed-to-Seed investor in Europe with positions in Logistics and Industrial Tech. Occasionally opportunistic in digital health when the model is software-first.,"SecureLoop, AgriSense, ShipRadar",https://www.isabellerichter.example.com,contact@isabellerichter.example.com,35,100,30,65,Rubric-based demo scoring (offline mode).,53.2,257
INV0047,OrionMed Corporate Ventures,CVC,Sweden,Europe,Seed; Series A; Series B,2000000,6000000,Deep Tech; Cybersecurity; Diagnostics,Invests Seed-Series B in Europe across Deep Tech and Cybersecurity. Prefers rounds with a clear 18-month path to the next milestone.,"DataForge, Stackline, SecureLoop",https://www.orionmedcorporateventure.example.com,contact@orionmedcorporateventure.example.com,35,100,30,65,Rubric-based demo scoring (offline mode).,53.2,258
INV0400,Drift Venture Partners,VC,Netherlands,Europe,Seed; Series A,2000000,10000000,AI/ML; EdTech; Digital Health,Generalist Seed-to-Series A investor in Europe with positions in AI/ML and EdTech. Occasionally opportunistic in digital health when the model is software-first.,"Stackline, DataForge",https://www.driftventurepartners.example.com,contact@driftventurepartners.example.com,35,100,30,65,Rubric-based demo scoring (offline mode).,53.2,259
INV0244,Garnet Growth,VC,United Kingdom,Europe,Pre-Seed; Seed; Series A,2000000,6000000,PropTech; Cybersecurity,Generalist Pre-Seed-to-Series A investor in Europe with positions in PropTech and Cybersecurity. Occasionally opportunistic in digital health when the model is software-first.,"Quotable, SecureLoop",https://www.garnetgrowth.example.com,contact@garnetgrowth.example.com,35,100,30,65,Rubric-based demo scoring (offline mode).,53.2,260
INV0187,Alpen Vermögensverwaltung,Family Office,France,Europe,Seed; Series A; Series B,100000,600000,AI/ML; Logistics,Generalist Seed-to-Series B investor in Europe with positions in AI/ML and Logistics. Occasionally opportunistic in digital health when the model is software-first.,"DataForge, RetailPulse",https://www.alpenvermoegensverwaltun.example.com,contact@alpenvermoegensverwaltun.example.com,35,100,28,65,Rubric-based demo scoring (offline mode).,52.9,261
INV0218,MarbleHealth Strategic Ventures,CVC,United Kingdom,Europe,Series A,250000,1250000,B2B SaaS; PropTech; Diagnostics,"Backs technical founders in B2B SaaS and PropTech across Europe, Series A to Series A. Sector-agnostic within B2B; avoids capital-intensive hardware.","BuildOS, Fleetbase, DocuSpeed",https://www.marblehealthstrategicven.example.com,contact@marblehealthstrategicven.example.com,35,55,80,65,Rubric-based demo scoring (offline mode).,52.0,262
INV0284,Signal Growth,VC,Norway,Europe,Series A; Series B; Growth,500000,2500000,Industrial Tech; Climate Tech,Generalist Series A-to-Growth investor in Europe with positions in Industrial Tech and Climate Tech. Occasionally opportunistic in digital health when the model is software-first.,"ShipRadar, BuildOS",https://www.signalgrowth.example.com,contact@signalgrowth.example.com,35,55,80,65,Rubric-based demo scoring (offline mode).,52.0,263
INV0312,Lumen VC,VC,Italy,Europe,Series A; Series B,500000,4000000,EdTech; Logistics,Generalist Series A-to-Series B investor in Europe with positions in EdTech and Logistics. Occasionally opportunistic in digital health when the model is software-first.,"SecureLoop, BuildOS, PayNordic",https://www.lumenvc.example.com,contact@lumenvc.example.com,35,55,80,65,Rubric-based demo scoring (offline mode).,52.0,264
INV0511,Quantum Capital,VC,United Kingdom,Europe,Seed,250000,2000000,PropTech; Deep Tech; Logistics,Invests Seed-Seed in Europe across PropTech and Deep Tech. Prefers rounds with a clear 18-month path to the next milestone.,"SecureLoop, CloudMesh",https://www.quantumcapital.example.com,contact@quantumcapital.example.com,0,100,100,65,Rubric-based demo scoring (offline mode).,51.5,265
INV0485,Zurich Ventures,VC,United Kingdom,Europe,Pre-Seed; Seed,250000,2000000,Deep Tech; Enterprise Software; Logistics,Invests Pre-Seed-Seed in Europe across Deep Tech and Enterprise Software. Prefers rounds with a clear 18-month path to the next milestone.,"TalentGrid, MetricHub, Fleetbase",https://www.zurichventures.example.com,contact@zurichventures.example.com,0,100,100,65,Rubric-based demo scoring (offline mode).,51.5,266
INV0078,Donau Growth,VC,Sweden,Europe,Seed; Series A,250000,1250000,Cybersecurity; PropTech,"Europe fund focused on Cybersecurity, PropTech and data infrastructure at Seed stage. Thesis-driven around applied AI; healthcare exposure limited to a few portfolio bets.","SecureLoop, PayNordic",https://www.donaugrowth.example.com,contact@donaugrowth.example.com,9,100,80,65,Rubric-based demo scoring (offline mode).,51.5,267
INV0104,Femto Growth,VC,Netherlands,Europe,Pre-Seed; Seed,250000,1250000,EdTech; PropTech; B2B SaaS,"Europe fund focused on EdTech, PropTech and data infrastructure at Pre-Seed stage. Thesis-driven around applied AI; healthcare exposure limited to a few portfolio bets.","PayNordic, TalentGrid",https://www.femtogrowth.example.com,contact@femtogrowth.example.com,9,100,80,65,Rubric-based demo scoring (offline mode).,51.5,268
INV0389,Cedar VC,VC,Sweden,Europe,Seed; Series A,250000,1250000,AI/ML; Climate Tech,"Europe fund focused on AI/ML, Climate Tech and data infrastructure at Seed stage. Thesis-driven around applied AI; healthcare exposure limited to a few portfolio bets.","DocuSpeed, CloudMesh, EnergyKit",https://www.cedarvc.example.com,contact@cedarvc.example.com,9,100,80,65,Rubric-based demo scoring (offline mode).,51.5,269
INV0383,Nord Family Office,Family Office,France,Europe,Seed; Series A,500000,3000000,B2B SaaS; Consumer,"Europe fund focused on B2B SaaS, Consumer and data infrastructure at Seed stage. Thesis-driven around applied AI; healthcare exposure limited to a few portfolio bets.","Fleetbase, PayNordic, MetricHub",https://www.nordfamilyoffice.example.com,contact@nordfamilyoffice.example.com,9,100,80,65,Rubric-based demo scoring (offline mode).,51.5,270
INV0200,Stefan Hoffmann,Angel,Switzerland,DACH,Pre-Seed; Seed; Series A,50000,300000,Consumer; Climate Tech; EdTech; AI in Healthcare,"DACH fund focused on Consumer, Climate Tech and data infrastructure at Pre-Seed stage. Thesis-driven around applied AI; healthcare exposure limited to a few portfolio bets.","SecureLoop, RetailPulse",https://www.stefanhoffmann.example.com,contact@stefanhoffmann.example.com,35,100,4,100,Rubric-based demo scoring (offline mode).,51.5,271
INV0095,Orion Growth,VC,Norway,Europe,Seed,500000,2500000,Climate Tech; EdTech,"Europe fund focused on Climate Tech, EdTech and data infrastructure at Seed stage. Thesis-driven around applied AI; healthcare exposure limited to a few portfolio bets.","Quotable, RetailPulse",https://www.oriongrowth.example.com,contact@oriongrowth.example.com,9,100,80,65,Rubric-based demo scoring (offline mode).,51.5,272
INV0185,Astra Vermögensverwaltung,Family Office,Switzerland,DACH,Pre-Seed; Seed; Series A,500000,3000000,Logistics; FinTech; Climate Tech,Invests Pre-Seed-Series A in DACH across Logistics and FinTech. Prefers rounds with a clear 18-month path to the next milestone.,"CloudMesh, PayNordic",https://www.astravermoegensverwaltun.example.com,contact@astravermoegensverwaltun.example.com,0,100,80,100,Rubric-based demo scoring (offline mode).,51.0,273
INV0401,Marble Capital,VC,Germany,DACH,Pre-Seed; Seed; Series A,500000,2500000,B2B SaaS; Enterprise Software; AI/ML,Invests Pre-Seed-Series A in DACH across B2B SaaS and Enterprise Software. Prefers rounds with a clear 18-month path to the next milestone.,"MetricHub, Stackline, DocuSpeed",https://www.marblecapital.example.com,contact@marblecapital.example.com,0,100,80,100,Rubric-based demo scoring (offline mode).,51.0,274
INV0165,SignalHealth Strategic Ventures,CVC,Switzerland,DACH,Pre-Seed; Seed; Series A,250000,1250000,Deep Tech; Logistics,"Backs technical founders in Deep Tech and Logistics across DACH, Pre-Seed to Series A. Sector-agnostic within B2B; avoids capital-intensive hardware.","AgriSense, TalentGrid, LedgerOne",https://www.signalhealthstrategicven.example.com,contact@signalhealthstrategicven.example.com,0,100,80,100,Rubric-based demo scoring (offline mode).,51.0,275
INV0110,GarnetMed Innovation Fund,CVC,Austria,DACH,Seed,500000,2500000,B2B SaaS; Consumer,"Backs technical founders in B2B SaaS and Consumer across DACH, Seed to Seed. Sector-agnostic within B2B; avoids capital-intensive hardware.","PayNordic, Stackline, CloudMesh",https://www.garnetmedinnovationfund.example.com,contact@garnetmedinnovationfund.example.com,0,100,80,100,Rubric-based demo scoring (offline mode).,51.0,276
INV0233,Baltic Group,Family Office,Germany,DACH,Seed,500000,2000000,Cybersecurity; AI/ML,"Backs technical founders in Cybersecurity and AI/ML across DACH, Seed to Seed. Sector-agnostic within B2B; avoids capital-intensive hardware.","MetricHub, Quotable",https://www.balticgroup.example.com,contact@balticgroup.example.com,0,100,80,100,Rubric-based demo scoring (offline mode).,51.0,277
INV0229,Pinnacle Growth,VC,Austria,DACH,Pre-Seed; Seed; Series A,250000,1250000,Deep Tech; Enterprise Software,Invests Pre-Seed-Series A in DACH across Deep Tech and Enterprise Software. Prefers rounds with a clear 18-month path to the next milestone.,"AgriSense, Fleetbase, SecureLoop",https://www.pinnaclegrowth.example.com,contact@pinnaclegrowth.example.com,0,100,80,100,Rubric-based demo scoring (offline mode).,51.0,278
INV0295,Vega Partners,VC,Germany,DACH,Seed,500000,1500000,Logistics; Deep Tech; BioTech,Invests Seed-Seed in DACH across Logistics and Deep Tech. Prefers rounds with a clear 18-month path to the next milestone.,"MetricHub, DataForge",https://www.vegapartners.example.com,contact@vegapartners.example.com,0,100,80,100,Rubric-based demo scoring (offline mode).,51.0,279
INV0490,Quantum Ventures,VC,Germany,DACH,Seed; Series A; Series B,250000,1250000,Industrial Tech; EdTech,"Backs technical founders in Industrial Tech and EdTech across DACH, Seed to Series B. Sector-agnostic within B2B; avoids capital-intensive hardware.","BuildOS, Stackline",https://www.quantumventures.example.com,contact@quantumventures.example.com,0,100,80,100,Rubric-based demo scoring (offline mode).,51.0,280
INV0508,Basil Capital,VC,United States,Global,Series A; Series B; Growth,2000000,16000000,HealthTech; AI in Healthcare,Specialist healthcare investor backing HealthTech companies in Global. Sweet spot Series A; frequently co-invests with strategic medtech corporates and follows on through Growth.,"SurgIQ, NeuroBeam, Klinix",https://www.basilcapital.example.com,contact@basilcapital.example.com,61,55,30,35,Rubric-based demo scoring (offline mode).,50.7,281
INV0279,Pinnacle Corporate Ventures,CVC,United States,Global,Pre-Seed; Seed,2000000,6000000,Industrial Tech; Enterprise Software,Generalist Pre-Seed-to-Seed investor in Global with positions in Industrial Tech and Enterprise Software. Occasionally opportunistic in digital health when the model is software-first.,"BuildOS, PayNordic, ShipRadar",https://www.pinnaclecorporateventure.example.com,contact@pinnaclecorporateventure.example.com,35,100,30,35,Rubric-based demo scoring (offline mode).,50.2,282
INV0393,Maximilian Schmidt,Angel,Canada,Global,Pre-Seed; Seed; Series A,25000,250000,Logistics; PropTech; B2B SaaS,Generalist Pre-Seed-to-Series A investor in Global with positions in Logistics and PropTech. Occasionally opportunistic in digital health when the model is software-first.,"SecureLoop, AgriSense, EnergyKit",https://www.maximilianschmidt.example.com,contact@maximilianschmidt.example.com,35,100,30,35,Rubric-based demo scoring (offline mode).,50.2,283
INV0367,HansaCare Corporate Ventures,CVC,Israel,Global,Pre-Seed; Seed; Series A,2000000,6000000,B2B SaaS; Enterprise Software,Generalist Pre-Seed-to-Series A investor in Global with positions in B2B SaaS and Enterprise Software. Occasionally opportunistic in digital health when the model is software-first.,"Stackline, Fleetbase, ShipRadar",https://www.hansacarecorporateventur.example.com,contact@hansacarecorporateventur.example.com,35,100,30,35,Rubric-based demo scoring (offline mode).,50.2,284
INV0170,Anna Werner,Angel,Singapore,Global,Seed; Series A,10000,60000,Cybersecurity; EdTech; FinTech; Digital Health,"Backs technical founders in Cybersecurity and EdTech across Global, Seed to Series A. Sector-agnostic within B2B; avoids capital-intensive hardware.","Stackline, MetricHub",https://www.annawerner.example.com,contact@annawerner.example.com,35,100,30,35,Rubric-based demo scoring (offline mode).,50.2,285
INV0135,Helix Vermögensverwaltung,Family Office,Italy,Europe,Seed; Series A; Series B,100000,400000,Deep Tech; EdTech; Climate Tech; HealthTech,Invests Seed-Series B in Europe across Deep Tech and EdTech. Prefers rounds with a clear 18-month path to the next milestone.,"DocuSpeed, CloudMesh, LedgerOne",https://www.helixvermoegensverwaltun.example.com,contact@helixvermoegensverwaltun.example.com,35,100,12,65,Rubric-based demo scoring (offline mode).,49.6,286
INV0025,Riverside VC,VC,Austria,DACH,Series A; Series B; Growth,2000000,10000000,BioTech; Clinical Software,Invests in BioTech and Clinical Software startups at Series A stage across DACH. Thesis: software and AI will absorb routine clinical workflows; strong preference for founder-led commercial traction in hospitals.,"PulseWare, CardioLink",https://www.riversidevc.example.com,contact@riversidevc.example.com,44,55,30,100,Rubric-based demo scoring (offline mode).,49.5,287
INV0084,Willow Partners,VC,United States,Global,Series A; Series B,250000,1250000,EdTech; AI/ML; Climate Tech,Generalist Series A-to-Series B investor in Global with positions in EdTech and AI/ML. Occasionally opportunistic in digital health when the model is software-first.,"Stackline, CloudMesh",https://www.willowpartners.example.com,contact@willowpartners.example.com,35,55,80,35,Rubric-based demo scoring (offline mode).,49.0,288
INV0436,Beacon VC,VC,United States,Global,Series A; Series B,500000,2500000,Logistics; Industrial Tech; Deep Tech,Generalist Series A-to-Series B investor in Global with positions in Logistics and Industrial Tech. Occasionally opportunistic in digital health when the model is software-first.,"PayNordic, DataForge",https://www.beaconvc.example.com,contact@beaconvc.example.com,35,55,80,35,Rubric-based demo scoring (offline mode).,49.0,289
INV0474,Linden Partners,VC,France,Europe,Series B; Growth,1000000,5000000,Cybersecurity; Consumer; FinTech; Radiology AI,Generalist Series B-to-Growth investor in Europe with positions in Cybersecurity and Consumer. Occasionally opportunistic in digital health when the model is software-first.,"PayNordic, RetailPulse, AgriSense",https://www.lindenpartners.example.com,contact@lindenpartners.example.com,70,10,40,65,Rubric-based demo scoring (offline mode).,48.5,290
INV0177,Zenith Group,Family Office,Israel,Global,Seed; Series A,250000,1500000,AI/ML; Consumer,Invests Seed-Series A in Global across AI/ML and Consumer. Prefers rounds with a clear 18-month path to the next milestone.,"Quotable, AgriSense, BuildOS",https://www.zenithgroup.example.com,contact@zenithgroup.example.com,0,100,100,35,Rubric-based demo scoring (offline mode).,48.5,291
INV0222,Zenith Partners,VC,United States,Global,Seed; Series A,250000,2000000,Cybersecurity; FinTech; AI/ML,"Backs technical founders in Cybersecurity and FinTech across Global, Seed to Series A. Sector-agnostic within B2B; avoids capital-intensive hardware.","RetailPulse, PayNordic, Quotable",https://www.zenithpartners.example.com,contact@zenithpartners.example.com,0,100,100,35,Rubric-based demo scoring (offline mode).,48.5,292
INV0001,Lena Richter,Angel,Austria,DACH,Series A,50000,300000,Medical Devices; BioTech,Invests in Medical Devices and BioTech startups at Series A stage across DACH. Thesis: software and AI will absorb routine clinical workflows; strong preference for founder-led commercial traction in hospitals.,"CardioLink, ScanIQ",https://www.lenarichter.example.com,contact@lenarichter.example.com,53,55,4,100,Rubric-based demo scoring (offline mode).,48.4,293
INV0349,Donau Capital,VC,United Kingdom,Europe,Seed; Series A; Series B,500000,4000000,EdTech; Cybersecurity,"Backs technical founders in EdTech and Cybersecurity across Europe, Seed to Series B. Sector-agnostic within B2B; avoids capital-intensive hardware.","Quotable, DataForge",https://www.donaucapital.example.com,contact@donaucapital.example.com,0,100,80,65,Rubric-based demo scoring (offline mode).,47.5,294
INV0287,Willow Capital,VC,Belgium,Europe,Seed; Series A,500000,2500000,Consumer; AI/ML,"Backs technical founders in Consumer and AI/ML across Europe, Seed to Series A. Sector-agnostic within B2B; avoids capital-intensive hardware.","Fleetbase, BuildOS, EnergyKit",https://www.willowcapital.example.com,contact@willowcapital.example.com,0,100,80,65,Rubric-based demo scoring (offline mode).,47.5,295
INV0221,Lumen Partners,VC,France,Europe,Seed; Series A,500000,4000000,B2B SaaS; Industrial Tech; Climate Tech,"Backs technical founders in B2B SaaS and Industrial Tech across Europe, Seed to Series A. Sector-agnostic within B2B; avoids capital-intensive hardware.","CloudMesh, EnergyKit",https://www.lumenpartners.example.com,contact@lumenpartners.example.com,0,100,80,65,Rubric-based demo scoring (offline mode).,47.5,296
INV0139,Berlin Beteiligungen,Family Office,Spain,Europe,Pre-Seed; Seed,500000,3000000,Enterprise Software; Climate Tech; Logistics,Invests Pre-Seed-Seed in Europe across Enterprise Software and Climate Tech. Prefers rounds with a clear 18-month path to the next milestone.,"PayNordic, RetailPulse, Quotable",https://www.berlinbeteiligungen.example.com,contact@berlinbeteiligungen.example.com,0,100,80,65,Rubric-based demo scoring (offline mode).,47.5,297
INV0376,Lumen Venture Partners,VC,United Kingdom,Europe,Seed,500000,2500000,Deep Tech; PropTech; AI/ML,"Backs technical founders in Deep Tech and PropTech across Europe, Seed to Seed. Sector-agnostic within B2B; avoids capital-intensive hardware.","LedgerOne, PayNordic, Fleetbase",https://www.lumenventurepartners.example.com,contact@lumenventurepartners.example.com,0,100,80,65,Rubric-based demo scoring (offline mode).,47.5,298
INV0129,Cobalt Partners,VC,Germany,DACH,Series A,1000000,5000000,Logistics; FinTech; PropTech,Generalist Series A-to-Series A investor in DACH with positions in Logistics and FinTech. Occasionally opportunistic in digital health when the model is software-first.,"Fleetbase, ShipRadar",https://www.cobaltpartners.example.com,contact@cobaltpartners.example.com,35,55,40,100,Rubric-based demo scoring (offline mode).,47.5,299
INV0183,Femto Capital,VC,France,Europe,Pre-Seed; Seed,500000,4000000,Enterprise Software; Climate Tech; EdTech,Invests Pre-Seed-Seed in Europe across Enterprise Software and Climate Tech. Prefers rounds with a clear 18-month path to the next milestone.,"MetricHub, EnergyKit, SecureLoop",https://www.femtocapital.example.com,contact@femtocapital.example.com,0,100,80,65,Rubric-based demo scoring (offline mode).,47.5,300
INV0468,Basil Holding,Family Office,United Kingdom,Europe,Seed; Series A; Series B,500000,2000000,FinTech; Logistics; PropTech,"Backs technical founders in FinTech and Logistics across Europe, Seed to Series B. Sector-agnostic within B2B; avoids capital-intensive hardware.","DataForge, RetailPulse",https://www.basilholding.example.com,contact@basilholding.example.com,0,100,80,65,Rubric-based demo scoring (offline mode).,47.5,301
INV0131,Elbe Growth,VC,United Kingdom,Europe,Seed; Series A,500000,4000000,Enterprise Software; Deep Tech; AI/ML,Invests Seed-Series A in Europe across Enterprise Software and Deep Tech. Prefers rounds with a clear 18-month path to the next milestone.,"RetailPulse, MetricHub, AgriSense",https://www.elbegrowth.example.com,contact@elbegrowth.example.com,0,100,80,65,Rubric-based demo scoring (offline mode).,47.5,302
INV0472,Femto Venture Partners,VC,Austria,DACH,Series A,250000,750000,B2B SaaS; PropTech; Logistics,Generalist Series A-to-Series A investor in DACH with positions in B2B SaaS and PropTech. Occasionally opportunistic in digital health when the model is software-first.,"ShipRadar, BuildOS",https://www.femtoventurepartners.example.com,contact@femtoventurepartners.example.com,35,55,40,100,Rubric-based demo scoring (offline mode).,47.5,303
INV0313,Sterling Growth,VC,United States,Global,Series A; Series B,2000000,16000000,Digital Health; BioTech,Invests in Digital Health and BioTech startups at Series A stage across Global. Thesis: software and AI will absorb routine clinical workflows; strong preference for founder-led commercial traction in hospitals.,"OrthoSense, MediNotes",https://www.sterlinggrowth.example.com,contact@sterlinggrowth.example.com,53,55,30,35,Rubric-based demo scoring (offline mode).,47.1,304
INV0301,Garnet Ventures,VC,Austria,DACH,Pre-Seed; Seed,1000000,5000000,AI/ML; FinTech,"DACH fund focused on AI/ML, FinTech and data infrastructure at Pre-Seed stage. Thesis-driven around applied AI; healthcare exposure limited to a few portfolio bets.","MetricHub, RetailPulse, Stackline",https://www.garnetventures.example.com,contact@garnetventures.example.com,9,100,40,100,Rubric-based demo scoring (offline mode).,47.0,305
INV0501,Alpen Group,Family Office,Germany,DACH,Seed; Series A,250000,1000000,FinTech; Logistics; AI/ML,"Backs technical founders in FinTech and Logistics across DACH, Seed to Series A. Sector-agnostic within B2B; avoids capital-intensive hardware.","BuildOS, RetailPulse",https://www.alpengroup.example.com,contact@alpengroup.example.com,0,100,60,100,Rubric-based demo scoring (offline mode).,47.0,306
INV0021,Ember Holding,Family Office,Germany,DACH,Seed,250000,1000000,FinTech; EdTech; Climate Tech,"Backs technical founders in FinTech and EdTech across DACH, Seed to Seed. Sector-agnostic within B2B; avoids capital-intensive hardware.","Stackline, SecureLoop",https://www.emberholding.example.com,contact@emberholding.example.com,0,100,60,100,Rubric-based demo scoring (offline mode).,47.0,307
INV0224,SignalMed Innovation Fund,CVC,Germany,DACH,Series A; Series B,2000000,10000000,Deep Tech; PropTech,Generalist Series A-to-Series B investor in DACH with positions in Deep Tech and PropTech. Occasionally opportunistic in digital health when the model is software-first.,"Quotable, RetailPulse",https://www.signalmedinnovationfund.example.com,contact@signalmedinnovationfund.example.com,35,55,30,100,Rubric-based demo scoring (offline mode).,45.5,308
INV0491,ZurichTech Innovation Fund,CVC,Switzerland,DACH,Series A; Series B,2000000,6000000,EdTech; Logistics; Deep Tech,Generalist Series A-to-Series B investor in DACH with positions in EdTech and Logistics. Occasionally opportunistic in digital health when the model is software-first.,"Quotable, MetricHub",https://www.zurichtechinnovationfund.example.com,contact@zurichtechinnovationfund.example.com,35,55,30,100,Rubric-based demo scoring (offline mode).,45.5,309
INV0271,Felix Weber,Angel,Austria,DACH,Series A; Series B,10000,40000,Enterprise Software; Climate Tech,Generalist Series A-to-Series B investor in DACH with positions in Enterprise Software and Climate Tech. Occasionally opportunistic in digital health when the model is software-first.,"MetricHub, BuildOS, TalentGrid",https://www.felixweber.example.com,contact@felixweber.example.com,35,55,30,100,Rubric-based demo scoring (offline mode).,45.5,310
INV0120,Astrid Wagner,Angel,Switzerland,DACH,Pre-Seed,25000,150000,Cybersecurity; FinTech,Generalist Pre-Seed-to-Pre-Seed investor in DACH with positions in Cybersecurity and FinTech. Occasionally opportunistic in digital health when the model is software-first.,"TalentGrid, DataForge",https://www.astridwagner.example.com,contact@astridwagner.example.com,35,55,30,100,Rubric-based demo scoring (offline mode).,45.5,311
INV0247,Vertex VC,VC,Germany,DACH,Series A; Series B,2000000,10000000,FinTech; Industrial Tech; Climate Tech,Generalist Series A-to-Series B investor in DACH with positions in FinTech and Industrial Tech. Occasionally opportunistic in digital health when the model is software-first.,"DataForge, CloudMesh, PayNordic",https://www.vertexvc.example.com,contact@vertexvc.example.com,35,55,30,100,Rubric-based demo scoring (offline mode).,45.5,312
INV0394,Summit Family Office,Family Office,Austria,DACH,Series A; Series B; Growth,100000,600000,AI/ML; FinTech; Consumer; AI in Healthcare,"Backs technical founders in AI/ML and FinTech across DACH, Series A to Growth. Sector-agnostic within B2B; avoids capital-intensive hardware.","RetailPulse, CloudMesh, SecureLoop",https://www.summitfamilyoffice.example.com,contact@summitfamilyoffice.example.com,35,55,28,100,Rubric-based demo scoring (offline mode).,45.1,313
INV0058,Nina Huber,Angel,Germany,DACH,Pre-Seed; Seed; Series A,10000,60000,Climate Tech; Industrial Tech,"DACH fund focused on Climate Tech, Industrial Tech and data infrastructure at Pre-Seed stage. Thesis-driven around applied AI; healthcare exposure limited to a few portfolio bets.","AgriSense, PayNordic, SecureLoop",https://www.ninahuber.example.com,contact@ninahuber.example.com,9,100,30,100,Rubric-based demo scoring (offline mode).,45.0,314
INV0116,Baltic VC,VC,Switzerland,DACH,Seed,2000000,6000000,Climate Tech; Logistics; B2B SaaS,"DACH fund focused on Climate Tech, Logistics and data infrastructure at Seed stage. Thesis-driven around applied AI; healthcare exposure limited to a few portfolio bets.","RetailPulse, CloudMesh",https://www.balticvc.example.com,contact@balticvc.example.com,9,100,30,100,Rubric-based demo scoring (offline mode).,45.0,315
INV0402,Atlas Ventures,VC,Germany,DACH,Seed,2000000,10000000,EdTech; Logistics; PropTech,"DACH fund focused on EdTech, Logistics and data infrastructure at Seed stage. Thesis-driven around applied AI; healthcare exposure limited to a few portfolio bets.","MetricHub, ShipRadar",https://www.atlasventures.example.com,contact@atlasventures.example.com,9,100,30,100,Rubric-based demo scoring (offline mode).,45.0,316
INV0082,Stefan Mayer,Angel,Germany,DACH,Seed; Series A; Series B,10000,40000,Deep Tech; B2B SaaS,"DACH fund focused on Deep Tech, B2B SaaS and data infrastructure at Seed stage. Thesis-driven around applied AI; healthcare exposure limited to a few portfolio bets.","DataForge, CloudMesh",https://www.stefanmayer.example.com,contact@stefanmayer.example.com,9,100,30,100,Rubric-based demo scoring (offline mode).,45.0,317
INV0017,Simon Hartmann,Angel,Austria,DACH,Pre-Seed; Seed,10000,40000,Deep Tech; AI/ML; Climate Tech,"DACH fund focused on Deep Tech, AI/ML and data infrastructure at Pre-Seed stage. Thesis-driven around applied AI; healthcare exposure limited to a few portfolio bets.","TalentGrid, EnergyKit",https://www.simonhartmann.example.com,contact@simonhartmann.example.com,9,100,30,100,Rubric-based demo scoring (offline mode).,45.0,318
INV0020,Rhein Partners,VC,Canada,Global,Pre-Seed; Seed,250000,1250000,Logistics; AI/ML; FinTech,"Backs technical founders in Logistics and AI/ML across Global, Pre-Seed to Seed. Sector-agnostic within B2B; avoids capital-intensive hardware.","Stackline, Fleetbase, AgriSense",https://www.rheinpartners.example.com,contact@rheinpartners.example.com,0,100,80,35,Rubric-based demo scoring (offline mode).,44.5,319
INV0382,Rhein Beteiligungen,Family Office,Sweden,Europe,Series A; Series B; Growth,250000,2000000,Industrial Tech; Consumer; Enterprise Software,"Europe fund focused on Industrial Tech, Consumer and data infrastructure at Series A stage. Thesis-driven around applied AI; healthcare exposure limited to a few portfolio bets.","AgriSense, ShipRadar",https://www.rheinbeteiligungen.example.com,contact@rheinbeteiligungen.example.com,9,55,100,65,Rubric-based demo scoring (offline mode).,44.3,320
INV0008,Kepler Growth,VC,Belgium,Europe,Pre-Seed,1000000,8000000,AI/ML; Industrial Tech,Generalist Pre-Seed-to-Pre-Seed investor in Europe with positions in AI/ML and Industrial Tech. Occasionally opportunistic in digital health when the model is software-first.,"MetricHub, Stackline, PayNordic",https://www.keplergrowth.example.com,contact@keplergrowth.example.com,35,55,40,65,Rubric-based demo scoring (offline mode).,44.0,321
INV0275,VegaCare Corporate Ventures,CVC,Austria,DACH,Series A; Series B,250000,2000000,Deep Tech; B2B SaaS,"Backs technical founders in Deep Tech and B2B SaaS across DACH, Series A to Series B. Sector-agnostic within B2B; avoids capital-intensive hardware.","SecureLoop, Stackline",https://www.vegacarecorporateventure.example.com,contact@vegacarecorporateventure.example.com,0,55,100,100,Rubric-based demo scoring (offline mode).,43.8,322
INV0195,Willow Beteiligungen,Family Office,Germany,DACH,Pre-Seed; Seed,100000,800000,PropTech; Industrial Tech; AI/ML,Invests Pre-Seed-Seed in DACH across PropTech and Industrial Tech. Prefers rounds with a clear 18-month path to the next milestone.,"BuildOS, EnergyKit, ShipRadar",https://www.willowbeteiligungen.example.com,contact@willowbeteiligungen.example.com,0,100,44,100,Rubric-based demo scoring (offline mode).,43.8,323
INV0459,Zenith Ventures,VC,Switzerland,DACH,Pre-Seed,500000,4000000,B2B SaaS; Consumer,"DACH fund focused on B2B SaaS, Consumer and data infrastructure at Pre-Seed stage. Thesis-driven around applied AI; healthcare exposure limited to a few portfolio bets.","ShipRadar, TalentGrid, DataForge",https://www.zenithventures.example.com,contact@zenithventures.example.com,9,55,80,100,Rubric-based demo scoring (offline mode).,43.8,324
INV0274,Marble VC,VC,Spain,Europe,Seed; Series A,1000000,8000000,Industrial Tech; Consumer; PropTech,"Europe fund focused on Industrial Tech, Consumer and data infrastructure at Seed stage. Thesis-driven around applied AI; healthcare exposure limited to a few portfolio bets.","ShipRadar, MetricHub",https://www.marblevc.example.com,contact@marblevc.example.com,9,100,40,65,Rubric-based demo scoring (offline mode).,43.5,325
INV0007,Polar Venture Partners,VC,United Kingdom,Europe,Seed; Series A; Series B,1000000,8000000,PropTech; Enterprise Software,"Europe fund focused on PropTech, Enterprise Software and data infrastructure at Seed stage. Thesis-driven around applied AI; healthcare exposure limited to a few portfolio bets.","DataForge, CloudMesh, ShipRadar",https://www.polarventurepartners.example.com,contact@polarventurepartners.example.com,9,100,40,65,Rubric-based demo scoring (offline mode).,43.5,326
INV0254,Beacon Beteiligungen,Family Office,France,Europe,Seed,250000,1000000,B2B SaaS; FinTech,Invests Seed-Seed in Europe across B2B SaaS and FinTech. Prefers rounds with a clear 18-month path to the next milestone.,"EnergyKit, AgriSense",https://www.beaconbeteiligungen.example.com,contact@beaconbeteiligungen.example.com,0,100,60,65,Rubric-based demo scoring (offline mode).,43.5,327
INV0283,Nord Venture Partners,VC,Belgium,Europe,Seed,1000000,3000000,Deep Tech; FinTech,"Europe fund focused on Deep Tech, FinTech and data infrastructure at Seed stage. Thesis-driven around applied AI; healthcare exposure limited to a few portfolio bets.","EnergyKit, SecureLoop",https://www.nordventurepartners.example.com,contact@nordventurepartners.example.com,9,100,40,65,Rubric-based demo scoring (offline mode).,43.5,328
INV0133,Baltic Growth,VC,Belgium,Europe,Seed; Series A,250000,750000,AI/ML; Consumer; EdTech,"Europe fund focused on AI/ML, Consumer and data infrastructure at Seed stage. Thesis-driven around applied AI; healthcare exposure limited to a few portfolio bets.","DataForge, PayNordic, Stackline",https://www.balticgrowth.example.com,contact@balticgrowth.example.com,9,100,40,65,Rubric-based demo scoring (offline mode).,43.5,329
INV0055,Basil Partners,VC,Denmark,Europe,Pre-Seed; Seed; Series A,1000000,3000000,Logistics; Climate Tech,"Europe fund focused on Logistics, Climate Tech and data infrastructure at Pre-Seed stage. Thesis-driven around applied AI; healthcare exposure limited to a few portfolio bets.","AgriSense, DataForge",https://www.basilpartners.example.com,contact@basilpartners.example.com,9,100,40,65,Rubric-based demo scoring (offline mode).,43.5,330
INV0410,Union Strategic Ventures,CVC,Switzerland,DACH,Seed; Series A,1000000,5000000,Deep Tech; Cybersecurity,"Backs technical founders in Deep Tech and Cybersecurity across DACH, Seed to Series A. Sector-agnostic within B2B; avoids capital-intensive hardware.","EnergyKit, SecureLoop, DataForge",https://www.unionstrategicventures.example.com,contact@unionstrategicventures.example.com,0,100,40,100,Rubric-based demo scoring (offline mode).,43.0,331
INV0163,Astra Invest,VC,Switzerland,DACH,Seed,250000,750000,Climate Tech; Industrial Tech,"Backs technical founders in Climate Tech and Industrial Tech across DACH, Seed to Seed. Sector-agnostic within B2B; avoids capital-intensive hardware.","PayNordic, BuildOS",https://www.astrainvest.example.com,contact@astrainvest.example.com,0,100,40,100,Rubric-based demo scoring (offline mode).,43.0,332
INV0150,Summit Invest,VC,Germany,DACH,Seed; Series A,250000,750000,B2B SaaS; Deep Tech; AI/ML,"Backs technical founders in B2B SaaS and Deep Tech across DACH, Seed to Series A. Sector-agnostic within B2B; avoids capital-intensive hardware.","CloudMesh, AgriSense",https://www.summitinvest.example.com,contact@summitinvest.example.com,0,100,40,100,Rubric-based demo scoring (offline mode).,43.0,333
INV0214,Signal VC,VC,Switzerland,DACH,Seed,250000,750000,AI/ML; Consumer; Enterprise Software,"Backs technical founders in AI/ML and Consumer across DACH, Seed to Seed. Sector-agnostic within B2B; avoids capital-intensive hardware.","DataForge, EnergyKit",https://www.signalvc.example.com,contact@signalvc.example.com,0,100,40,100,Rubric-based demo scoring (offline mode).,43.0,334
INV0351,Summit Capital,VC,Switzerland,DACH,Pre-Seed; Seed,1000000,5000000,Logistics; PropTech; AI/ML,Invests Pre-Seed-Seed in DACH across Logistics and PropTech. Prefers rounds with a clear 18-month path to the next milestone.,"DataForge, AgriSense, LedgerOne",https://www.summitcapital.example.com,contact@summitcapital.example.com,0,100,40,100,Rubric-based demo scoring (offline mode).,43.0,335
INV0431,Astra Group,Family Office,Netherlands,Europe,Series B; Growth,100000,400000,Deep Tech; Enterprise Software; PropTech; Clinical Software,Generalist Series B-to-Growth investor in Europe with positions in Deep Tech and Enterprise Software. Occasionally opportunistic in digital health when the model is software-first.,"BuildOS, DataForge, PayNordic",https://www.astragroup.example.com,contact@astragroup.example.com,70,10,12,65,Rubric-based demo scoring (offline mode).,42.9,336
INV0364,Zurich Growth,VC,Germany,DACH,Series B,2000000,6000000,BioTech; Clinical Software,"DACH-focused fund investing in BioTech, Clinical Software and adjacent life-science tooling from Series B to Series B. Values reimbursement strategy and health-system pilots over pure research.","MediNotes, MedFlow, Radiant Dx",https://www.zurichgrowth.example.com,contact@zurichgrowth.example.com,53,10,30,100,Rubric-based demo scoring (offline mode).,42.4,337
INV0305,Maximilian Koch,Angel,United Kingdom,Europe,Series A; Series B,10000,100000,Climate Tech; Consumer,Generalist Series A-to-Series B investor in Europe with positions in Climate Tech and Consumer. Occasionally opportunistic in digital health when the model is software-first.,"TalentGrid, EnergyKit",https://www.maximiliankoch.example.com,contact@maximiliankoch.example.com,35,55,30,65,Rubric-based demo scoring (offline mode).,42.0,338
INV0429,Felix Richter,Angel,Denmark,Europe,Series A; Series B,25000,250000,Cybersecurity; Deep Tech,Generalist Series A-to-Series B investor in Europe with positions in Cybersecurity and Deep Tech. Occasionally opportunistic in digital health when the model is software-first.,"EnergyKit, Stackline, ShipRadar",https://www.felixrichter.example.com,contact@felixrichter.example.com,35,55,30,65,Rubric-based demo scoring (offline mode).,42.0,339
INV0291,Willow Invest,VC,Netherlands,Europe,Series A,2000000,10000000,FinTech; Cybersecurity,Generalist Series A-to-Series A investor in Europe with positions in FinTech and Cybersecurity. Occasionally opportunistic in digital health when the model is software-first.,"PayNordic, DataForge, CloudMesh",https://www.willowinvest.example.com,contact@willowinvest.example.com,35,55,30,65,Rubric-based demo scoring (offline mode).,42.0,340
INV0458,Vega Invest,VC,France,Europe,Pre-Seed,2000000,16000000,Climate Tech; B2B SaaS; Logistics; Clinical Software,"Backs technical founders in Climate Tech and B2B SaaS across Europe, Pre-Seed to Pre-Seed. Sector-agnostic within B2B; avoids capital-intensive hardware.","AgriSense, EnergyKit",https://www.vegainvest.example.com,contact@vegainvest.example.com,35,55,30,65,Rubric-based demo scoring (offline mode).,42.0,341
INV0155,Lukas Meier,Angel,United Kingdom,Europe,Series A; Series B; Growth,50000,200000,Enterprise Software; FinTech; Consumer; Digital Health,Generalist Series A-to-Growth investor in Europe with positions in Enterprise Software and FinTech. Occasionally opportunistic in digital health when the model is software-first.,"AgriSense, EnergyKit, CloudMesh",https://www.lukasmeier.example.com,contact@lukasmeier.example.com,35,55,30,65,Rubric-based demo scoring (offline mode).,42.0,342
INV0466,Alpen Ventures,VC,Netherlands,Europe,Series A; Series B,2000000,10000000,Consumer; Industrial Tech; EdTech,Generalist Series A-to-Series B investor in Europe with positions in Consumer and Industrial Tech. Occasionally opportunistic in digital health when the model is software-first.,"PayNordic, EnergyKit, MetricHub",https://www.alpenventures.example.com,contact@alpenventures.example.com,35,55,30,65,Rubric-based demo scoring (offline mode).,42.0,343
INV0147,Mont Group,Family Office,United States,Global,Series B; Growth,250000,2000000,Consumer; Climate Tech; PropTech,Generalist Series B-to-Growth investor in Global with positions in Consumer and Climate Tech. Occasionally opportunistic in digital health when the model is software-first.,"TalentGrid, Stackline",https://www.montgroup.example.com,contact@montgroup.example.com,35,10,100,35,Rubric-based demo scoring (offline mode).,41.8,344
INV0374,RiversideHealth Strategic Ventures,CVC,Netherlands,Europe,Pre-Seed; Seed; Series A,2000000,6000000,Enterprise Software; PropTech; Deep Tech,"Europe fund focused on Enterprise Software, PropTech and data infrastructure at Pre-Seed stage. Thesis-driven around applied AI; healthcare exposure limited to a few portfolio bets.","SecureLoop, DataForge, ShipRadar",https://www.riversidehealthstrategic.example.com,contact@riversidehealthstrategic.example.com,9,100,30,65,Rubric-based demo scoring (offline mode).,41.5,345
INV0151,Union Partners,VC,United Kingdom,Europe,Seed; Series A; Series B,2000000,6000000,Consumer; Cybersecurity,"Europe fund focused on Consumer, Cybersecurity and data infrastructure at Seed stage. Thesis-driven around applied AI; healthcare exposure limited to a few portfolio bets.","MetricHub, Quotable, TalentGrid",https://www.unionpartners.example.com,contact@unionpartners.example.com,9,100,30,65,Rubric-based demo scoring (offline mode).,41.5,346
INV0106,Berlin VC,VC,United Kingdom,Europe,Pre-Seed; Seed,2000000,16000000,Industrial Tech; AI/ML; Climate Tech,"Europe fund focused on Industrial Tech, AI/ML and data infrastructure at Pre-Seed stage. Thesis-driven around applied AI; healthcare exposure limited to a few portfolio bets.","BuildOS, TalentGrid, LedgerOne",https://www.berlinvc.example.com,contact@berlinvc.example.com,9,100,30,65,Rubric-based demo scoring (offline mode).,41.5,347
INV0319,Isabelle Werner,Angel,France,Europe,Seed; Series A,50000,200000,Climate Tech; Cybersecurity; EdTech,"Europe fund focused on Climate Tech, Cybersecurity and data infrastructure at Seed stage. Thesis-driven around applied AI; healthcare exposure limited to a few portfolio bets.","AgriSense, RetailPulse, CloudMesh",https://www.isabellewerner.example.com,contact@isabellewerner.example.com,9,100,30,65,Rubric-based demo scoring (offline mode).,41.5,348
INV0327,Stefan Krause,Angel,Netherlands,Europe,Seed,25000,100000,Consumer; Industrial Tech; B2B SaaS,"Europe fund focused on Consumer, Industrial Tech and data infrastructure at Seed stage. Thesis-driven around applied AI; healthcare exposure limited to a few portfolio bets.","EnergyKit, PayNordic",https://www.stefankrause.example.com,contact@stefankrause.example.com,9,100,30,65,Rubric-based demo scoring (offline mode).,41.5,349
INV0145,Patrick Bauer,Angel,United Kingdom,Europe,Seed; Series A; Series B,50000,200000,Logistics; EdTech; Enterprise Software,"Europe fund focused on Logistics, EdTech and data infrastructure at Seed stage. Thesis-driven around applied AI; healthcare exposure limited to a few portfolio bets.","LedgerOne, CloudMesh",https://www.patrickbauer.example.com,contact@patrickbauer.example.com,9,100,30,65,Rubric-based demo scoring (offline mode).,41.5,350
INV0193,Stefan Müller,Angel,Finland,Europe,Seed; Series A,50000,200000,FinTech; Deep Tech,"Europe fund focused on FinTech, Deep Tech and data infrastructure at Seed stage. Thesis-driven around applied AI; healthcare exposure limited to a few portfolio bets.","DocuSpeed, EnergyKit, ShipRadar",https://www.stefanmueller.example.com,contact@stefanmueller.example.com,9,100,30,65,Rubric-based demo scoring (offline mode).,41.5,351
INV0141,Basil VC,VC,Belgium,Europe,Pre-Seed; Seed,2000000,10000000,Industrial Tech; B2B SaaS,"Europe fund focused on Industrial Tech, B2B SaaS and data infrastructure at Pre-Seed stage. Thesis-driven around applied AI; healthcare exposure limited to a few portfolio bets.","Fleetbase, PayNordic, DocuSpeed",https://www.basilvc.example.com,contact@basilvc.example.com,9,100,30,65,Rubric-based demo scoring (offline mode).,41.5,352
INV0038,Katharina Novak,Angel,Switzerland,DACH,Seed; Series A,25000,250000,Deep Tech; EdTech; PropTech,"Backs technical founders in Deep Tech and EdTech across DACH, Seed to Series A. Sector-agnostic within B2B; avoids capital-intensive hardware.","DataForge, AgriSense, BuildOS",https://www.katharinanovak.example.com,contact@katharinanovak.example.com,0,100,30,100,Rubric-based demo scoring (offline mode).,41.0,353
INV0039,Tobias Novak,Angel,Germany,DACH,Seed,10000,60000,Industrial Tech; AI/ML,"Backs technical founders in Industrial Tech and AI/ML across DACH, Seed to Seed. Sector-agnostic within B2B; avoids capital-intensive hardware.","PayNordic, Stackline, BuildOS",https://www.tobiasnovak.example.com,contact@tobiasnovak.example.com,0,100,30,100,Rubric-based demo scoring (offline mode).,41.0,354
INV0480,Patrick Andersen,Angel,Switzerland,DACH,Seed; Series A,25000,150000,B2B SaaS; Industrial Tech; AI/ML,"Backs technical founders in B2B SaaS and Industrial Tech across DACH, Seed to Series A. Sector-agnostic within B2B; avoids capital-intensive hardware.","PayNordic, EnergyKit",https://www.patrickandersen.example.com,contact@patrickandersen.example.com,0,100,30,100,Rubric-based demo scoring (offline mode).,41.0,355
INV0023,Simon Bauer,Angel,Switzerland,DACH,Seed; Series A,25000,100000,B2B SaaS; Cybersecurity; PropTech,"Backs technical founders in B2B SaaS and Cybersecurity across DACH, Seed to Series A. Sector-agnostic within B2B; avoids capital-intensive hardware.","DocuSpeed, PayNordic, SecureLoop",https://www.simonbauer.example.com,contact@simonbauer.example.com,0,100,30,100,Rubric-based demo scoring (offline mode).,41.0,356
INV0469,Pieter Hoffmann,Angel,Switzerland,DACH,Seed; Series A,25000,100000,Deep Tech; EdTech; Cybersecurity,Invests Seed-Series A in DACH across Deep Tech and EdTech. Prefers rounds with a clear 18-month path to the next milestone.,"DocuSpeed, RetailPulse, AgriSense",https://www.pieterhoffmann.example.com,contact@pieterhoffmann.example.com,0,100,30,100,Rubric-based demo scoring (offline mode).,41.0,357
INV0294,Petra Moreau,Angel,Austria,DACH,Seed; Series A,25000,250000,B2B SaaS; AI/ML; Industrial Tech,"Backs technical founders in B2B SaaS and AI/ML across DACH, Seed to Series A. Sector-agnostic within B2B; avoids capital-intensive hardware.","CloudMesh, Fleetbase",https://www.petramoreau.example.com,contact@petramoreau.example.com,0,100,30,100,Rubric-based demo scoring (offline mode).,41.0,358
INV0077,Maximilian Wagner,Angel,Switzerland,DACH,Seed; Series A,50000,200000,B2B SaaS; FinTech,Invests Seed-Series A in DACH across B2B SaaS and FinTech. Prefers rounds with a clear 18-month path to the next milestone.,"AgriSense, Quotable",https://www.maximilianwagner.example.com,contact@maximilianwagner.example.com,0,100,30,100,Rubric-based demo scoring (offline mode).,41.0,359
INV0397,Argo Partners,VC,Israel,Global,Series A; Series B; Growth,1000000,8000000,Cybersecurity; Enterprise Software,Generalist Series A-to-Growth investor in Global with positions in Cybersecurity and Enterprise Software. Occasionally opportunistic in digital health when the model is software-first.,"DocuSpeed, PayNordic, LedgerOne",https://www.argopartners.example.com,contact@argopartners.example.com,35,55,40,35,Rubric-based demo scoring (offline mode).,41.0,360
INV0085,Garnet Partners,VC,United States,Global,Pre-Seed,250000,750000,PropTech; Logistics; Climate Tech; BioTech,Generalist Pre-Seed-to-Pre-Seed investor in Global with positions in PropTech and Logistics. Occasionally opportunistic in digital health when the model is software-first.,"CloudMesh, MetricHub",https://www.garnetpartners.example.com,contact@garnetpartners.example.com,35,55,40,35,Rubric-based demo scoring (offline mode).,41.0,361
INV0240,Garnet Venture Partners,VC,Austria,DACH,Seed,2000000,6000000,Climate Tech; FinTech; Enterprise Software,Invests Seed-Seed in DACH across Climate Tech and FinTech. Prefers rounds with a clear 18-month path to the next milestone.,"ShipRadar, Stackline, AgriSense",https://www.garnetventurepartners.example.com,contact@garnetventurepartners.example.com,0,100,30,100,Rubric-based demo scoring (offline mode).,41.0,362
INV0506,Pieter Neumann,Angel,Germany,DACH,Pre-Seed; Seed; Series A,10000,40000,Deep Tech; Climate Tech; FinTech,"Backs technical founders in Deep Tech and Climate Tech across DACH, Pre-Seed to Series A. Sector-agnostic within B2B; avoids capital-intensive hardware.","CloudMesh, DataForge",https://www.pieterneumann.example.com,contact@pieterneumann.example.com,0,100,30,100,Rubric-based demo scoring (offline mode).,41.0,363
INV0359,Erik Klein,Angel,Germany,DACH,Pre-Seed; Seed,25000,150000,Industrial Tech; AI/ML; Enterprise Software,"Backs technical founders in Industrial Tech and AI/ML across DACH, Pre-Seed to Seed. Sector-agnostic within B2B; avoids capital-intensive hardware.","DataForge, ShipRadar",https://www.erikklein.example.com,contact@erikklein.example.com,0,100,30,100,Rubric-based demo scoring (offline mode).,41.0,364
INV0335,Vega Capital,VC,Denmark,Europe,Series B,500000,1500000,AI/ML; B2B SaaS; Climate Tech; Medical Devices,"Backs technical founders in AI/ML and B2B SaaS across Europe, Series B to Series B. Sector-agnostic within B2B; avoids capital-intensive hardware.","TalentGrid, ShipRadar",https://www.vegacapital.example.com,contact@vegacapital.example.com,35,10,80,65,Rubric-based demo scoring (offline mode).,40.8,365
INV0059,Tessel Capital,VC,Canada,Global,Seed; Series A; Series B,1000000,8000000,Enterprise Software; AI/ML; B2B SaaS,"Global fund focused on Enterprise Software, AI/ML and data infrastructure at Seed stage. Thesis-driven around applied AI; healthcare exposure limited to a few portfolio bets.","DataForge, PayNordic, MetricHub",https://www.tesselcapital.example.com,contact@tesselcapital.example.com,9,100,40,35,Rubric-based demo scoring (offline mode).,40.5,366
INV0022,Quantum Partners,VC,United States,Global,Seed; Series A; Series B,1000000,3000000,Deep Tech; AI/ML,"Global fund focused on Deep Tech, AI/ML and data infrastructure at Seed stage. Thesis-driven around applied AI; healthcare exposure limited to a few portfolio bets.","DataForge, TalentGrid",https://www.quantumpartners.example.com,contact@quantumpartners.example.com,9,100,40,35,Rubric-based demo scoring (offline mode).,40.5,367
INV0298,Oak Family Office,Family Office,Spain,Europe,Seed; Series A,100000,800000,Industrial Tech; Cybersecurity; Consumer,"Backs technical founders in Industrial Tech and Cybersecurity across Europe, Seed to Series A. Sector-agnostic within B2B; avoids capital-intensive hardware.","DataForge, TalentGrid",https://www.oakfamilyoffice.example.com,contact@oakfamilyoffice.example.com,0,100,44,65,Rubric-based demo scoring (offline mode).,40.3,368
INV0473,Aurora Invest,VC,Finland,Europe,Series A; Series B,500000,2500000,Consumer; Logistics; B2B SaaS,"Europe fund focused on Consumer, Logistics and data infrastructure at Series A stage. Thesis-driven around applied AI; healthcare exposure limited to a few portfolio bets.","Stackline, LedgerOne",https://www.aurorainvest.example.com,contact@aurorainvest.example.com,9,55,80,65,Rubric-based demo scoring (offline mode).,40.3,369
INV0206,Hansa Family Office,Family Office,Italy,Europe,Series A,500000,4000000,Deep Tech; PropTech,"Europe fund focused on Deep Tech, PropTech and data infrastructure at Series A stage. Thesis-driven around applied AI; healthcare exposure limited to a few portfolio bets.","EnergyKit, Stackline, PayNordic",https://www.hansafamilyoffice.example.com,contact@hansafamilyoffice.example.com,9,55,80,65,Rubric-based demo scoring (offline mode).,40.3,370
INV0105,Polar Capital,VC,United Kingdom,Europe,Series A; Series B,250000,2000000,FinTech; B2B SaaS,Invests Series A-Series B in Europe across FinTech and B2B SaaS. Prefers rounds with a clear 18-month path to the next milestone.,"DocuSpeed, AgriSense",https://www.polarcapital.example.com,contact@polarcapital.example.com,0,55,100,65,Rubric-based demo scoring (offline mode).,40.2,371
INV0270,Nord Vermögensverwaltung,Family Office,France,Europe,Series A; Series B,250000,2000000,PropTech; Cybersecurity,"Backs technical founders in PropTech and Cybersecurity across Europe, Series A to Series B. Sector-agnostic within B2B; avoids capital-intensive hardware.","CloudMesh, TalentGrid, MetricHub",https://www.nordvermoegensverwaltung.example.com,contact@nordvermoegensverwaltung.example.com,0,55,100,65,Rubric-based demo scoring (offline mode).,40.2,372
INV0112,Elbe Vermögensverwaltung,Family Office,United Kingdom,Europe,Series A; Series B; Growth,250000,2000000,Enterprise Software; Consumer; EdTech,"Backs technical founders in Enterprise Software and Consumer across Europe, Series A to Growth. Sector-agnostic within B2B; avoids capital-intensive hardware.","SecureLoop, EnergyKit, DataForge",https://www.elbevermoegensverwaltung.example.com,contact@elbevermoegensverwaltung.example.com,0,55,100,65,Rubric-based demo scoring (offline mode).,40.2,373
INV0062,Tyrol Growth,VC,Germany,DACH,Series A; Series B,500000,1500000,AI/ML; Logistics; B2B SaaS,"Backs technical founders in AI/ML and Logistics across DACH, Series A to Series B. Sector-agnostic within B2B; avoids capital-intensive hardware.","BuildOS, RetailPulse",https://www.tyrolgrowth.example.com,contact@tyrolgrowth.example.com,0,55,80,100,Rubric-based demo scoring (offline mode).,39.8,374
INV0149,Baltic Venture Partners,VC,Germany,DACH,Series A,500000,1500000,EdTech; Logistics; Consumer,"Backs technical founders in EdTech and Logistics across DACH, Series A to Series A. Sector-agnostic within B2B; avoids capital-intensive hardware.","ShipRadar, RetailPulse",https://www.balticventurepartners.example.com,contact@balticventurepartners.example.com,0,55,80,100,Rubric-based demo scoring (offline mode).,39.8,375
INV0148,Ember Growth,VC,Switzerland,DACH,Series A,250000,1250000,Cybersecurity; B2B SaaS; Climate Tech,Invests Series A-Series A in DACH across Cybersecurity and B2B SaaS. Prefers rounds with a clear 18-month path to the next milestone.,"LedgerOne, CloudMesh",https://www.embergrowth.example.com,contact@embergrowth.example.com,0,55,80,100,Rubric-based demo scoring (offline mode).,39.8,376
INV0379,Ember Group,Family Office,Austria,DACH,Series A; Series B,250000,1000000,Enterprise Software; AI/ML,"DACH fund focused on Enterprise Software, AI/ML and data infrastructure at Series A stage. Thesis-driven around applied AI; healthcare exposure limited to a few portfolio bets.","DocuSpeed, CloudMesh, MetricHub",https://www.embergroup.example.com,contact@embergroup.example.com,9,55,60,100,Rubric-based demo scoring (offline mode).,39.8,377
INV0070,Sterling Ventures,VC,Germany,DACH,Series A; Series B,500000,4000000,PropTech; Enterprise Software,Invests Series A-Series B in DACH across PropTech and Enterprise Software. Prefers rounds with a clear 18-month path to the next milestone.,"EnergyKit, ShipRadar, CloudMesh",https://www.sterlingventures.example.com,contact@sterlingventures.example.com,0,55,80,100,Rubric-based demo scoring (offline mode).,39.8,378
INV0315,Cobalt Ventures,VC,Germany,DACH,Series A,500000,2500000,PropTech; Industrial Tech; Consumer,Invests Series A-Series A in DACH across PropTech and Industrial Tech. Prefers rounds with a clear 18-month path to the next milestone.,"Quotable, LedgerOne",https://www.cobaltventures.example.com,contact@cobaltventures.example.com,0,55,80,100,Rubric-based demo scoring (offline mode).,39.8,379
INV0261,Beacon Ventures,VC,Germany,DACH,Series A; Series B,500000,1500000,FinTech; Consumer; Cybersecurity,"Backs technical founders in FinTech and Consumer across DACH, Series A to Series B. Sector-agnostic within B2B; avoids capital-intensive hardware.","RetailPulse, DocuSpeed",https://www.beaconventures.example.com,contact@beaconventures.example.com,0,55,80,100,Rubric-based demo scoring (offline mode).,39.8,380
INV0470,Garnet Invest,VC,Netherlands,Europe,Seed; Series A; Series B,1000000,8000000,AI/ML; EdTech; Industrial Tech,"Backs technical founders in AI/ML and EdTech across Europe, Seed to Series B. Sector-agnostic within B2B; avoids capital-intensive hardware.","MetricHub, Fleetbase",https://www.garnetinvest.example.com,contact@garnetinvest.example.com,0,100,40,65,Rubric-based demo scoring (offline mode).,39.5,381
INV0518,Berlin Ventures,VC,France,Europe,Pre-Seed; Seed,1000000,3000000,Climate Tech; AI/ML; Cybersecurity,Invests Pre-Seed-Seed in Europe across Climate Tech and AI/ML. Prefers rounds with a clear 18-month path to the next milestone.,"ShipRadar, DocuSpeed",https://www.berlinventures.example.com,contact@berlinventures.example.com,0,100,40,65,Rubric-based demo scoring (offline mode).,39.5,382
INV0132,CobaltMed Corporate Ventures,CVC,Belgium,Europe,Seed,1000000,8000000,Industrial Tech; B2B SaaS; Deep Tech,Invests Seed-Seed in Europe across Industrial Tech and B2B SaaS. Prefers rounds with a clear 18-month path to the next milestone.,"LedgerOne, Quotable, BuildOS",https://www.cobaltmedcorporateventur.example.com,contact@cobaltmedcorporateventur.example.com,0,100,40,65,Rubric-based demo scoring (offline mode).,39.5,383
INV0435,Mont VC,VC,France,Europe,Pre-Seed; Seed,1000000,5000000,EdTech; Logistics; Climate Tech,"Backs technical founders in EdTech and Logistics across Europe, Pre-Seed to Seed. Sector-agnostic within B2B; avoids capital-intensive hardware.","PayNordic, Fleetbase",https://www.montvc.example.com,contact@montvc.example.com,0,100,40,65,Rubric-based demo scoring (offline mode).,39.5,384
INV0257,Sterling Invest,VC,Spain,Europe,Seed; Series A; Series B,1000000,8000000,Consumer; AI/ML; PropTech,"Backs technical founders in Consumer and AI/ML across Europe, Seed to Series B. Sector-agnostic within B2B; avoids capital-intensive hardware.","BuildOS, AgriSense",https://www.sterlinginvest.example.com,contact@sterlinginvest.example.com,0,100,40,65,Rubric-based demo scoring (offline mode).,39.5,385
INV0324,Vienna VC,VC,Sweden,Europe,Seed; Series A; Series B,1000000,5000000,Deep Tech; Enterprise Software; EdTech,Invests Seed-Series B in Europe across Deep Tech and Enterprise Software. Prefers rounds with a clear 18-month path to the next milestone.,"LedgerOne, AgriSense, SecureLoop",https://www.viennavc.example.com,contact@viennavc.example.com,0,100,40,65,Rubric-based demo scoring (offline mode).,39.5,386
INV0037,Oak Ventures,VC,France,Europe,Seed; Series A,250000,750000,Climate Tech; Cybersecurity; FinTech,Invests Seed-Series A in Europe across Climate Tech and Cybersecurity. Prefers rounds with a clear 18-month path to the next milestone.,"Stackline, PayNordic, CloudMesh",https://www.oakventures.example.com,contact@oakventures.example.com,0,100,40,65,Rubric-based demo scoring (offline mode).,39.5,387
INV0408,Isar Ventures,VC,Belgium,Europe,Seed; Series A; Series B,1000000,8000000,AI/ML; Cybersecurity,"Backs technical founders in AI/ML and Cybersecurity across Europe, Seed to Series B. Sector-agnostic within B2B; avoids capital-intensive hardware.","DocuSpeed, ShipRadar",https://www.isarventures.example.com,contact@isarventures.example.com,0,100,40,65,Rubric-based demo scoring (offline mode).,39.5,388
INV0350,AuroraTech Corporate Ventures,CVC,Netherlands,Europe,Seed,1000000,5000000,Industrial Tech; Climate Tech,"Backs technical founders in Industrial Tech and Climate Tech across Europe, Seed to Seed. Sector-agnostic within B2B; avoids capital-intensive hardware.","DataForge, EnergyKit, Stackline",https://www.auroratechcorporateventu.example.com,contact@auroratechcorporateventu.example.com,0,100,40,65,Rubric-based demo scoring (offline mode).,39.5,389
INV0333,Tessel Ventures,VC,Netherlands,Europe,Pre-Seed; Seed,250000,750000,Deep Tech; Enterprise Software,"Backs technical founders in Deep Tech and Enterprise Software across Europe, Pre-Seed to Seed. Sector-agnostic within B2B; avoids capital-intensive hardware.","DataForge, PayNordic",https://www.tesselventures.example.com,contact@tesselventures.example.com,0,100,40,65,Rubric-based demo scoring (offline mode).,39.5,390
INV0205,Linden Capital,VC,Denmark,Europe,Seed; Series A; Series B,1000000,3000000,Cybersecurity; Climate Tech,Invests Seed-Series B in Europe across Cybersecurity and Climate Tech. Prefers rounds with a clear 18-month path to the next milestone.,"LedgerOne, Stackline, EnergyKit",https://www.lindencapital.example.com,contact@lindencapital.example.com,0,100,40,65,Rubric-based demo scoring (offline mode).,39.5,391
INV0415,Linden Ventures,VC,United States,Global,Series A; Series B; Growth,2000000,6000000,Cybersecurity; Industrial Tech,Generalist Series A-to-Growth investor in Global with positions in Cybersecurity and Industrial Tech. Occasionally opportunistic in digital health when the model is software-first.,"DataForge, PayNordic, Quotable",https://www.lindenventures.example.com,contact@lindenventures.example.com,35,55,30,35,Rubric-based demo scoring (offline mode).,39.0,392
INV0121,Isabelle Krause,Angel,Switzerland,DACH,Pre-Seed; Seed,50000,500000,Consumer; Deep Tech,"Backs technical founders in Consumer and Deep Tech across DACH, Pre-Seed to Seed. Sector-agnostic within B2B; avoids capital-intensive hardware.","MetricHub, Stackline, Quotable",https://www.isabellekrause.example.com,contact@isabellekrause.example.com,0,100,20,100,Rubric-based demo scoring (offline mode).,39.0,393
INV0108,SignalMed Strategic Ventures,CVC,France,Europe,Series B; Growth,2000000,6000000,Diagnostics; BioTech,"Europe-focused fund investing in Diagnostics, BioTech and adjacent life-science tooling from Series B to Growth. Values reimbursement strategy and health-system pilots over pure research.","CarePilot, PathLens",https://www.signalmedstrategicventur.example.com,contact@signalmedstrategicventur.example.com,53,10,30,65,Rubric-based demo scoring (offline mode).,38.9,394
INV0094,Monika Huber,Angel,United States,Global,Seed,10000,40000,Climate Tech; B2B SaaS,"Global fund focused on Climate Tech, B2B SaaS and data infrastructure at Seed stage. Thesis-driven around applied AI; healthcare exposure limited to a few portfolio bets.","CloudMesh, TalentGrid, PayNordic",https://www.monikahuber.example.com,contact@monikahuber.example.com,9,100,30,35,Rubric-based demo scoring (offline mode).,38.5,395
INV0499,Zurich Capital,VC,United States,Global,Seed; Series A,2000000,10000000,B2B SaaS; AI/ML; FinTech,"Global fund focused on B2B SaaS, AI/ML and data infrastructure at Seed stage. Thesis-driven around applied AI; healthcare exposure limited to a few portfolio bets.","DocuSpeed, LedgerOne",https://www.zurichcapital.example.com,contact@zurichcapital.example.com,9,100,30,35,Rubric-based demo scoring (offline mode).,38.5,396
INV0320,Drift Growth,VC,United States,Global,Seed,2000000,16000000,Logistics; B2B SaaS,"Global fund focused on Logistics, B2B SaaS and data infrastructure at Seed stage. Thesis-driven around applied AI; healthcare exposure limited to a few portfolio bets.","TalentGrid, LedgerOne",https://www.driftgrowth.example.com,contact@driftgrowth.example.com,9,100,30,35,Rubric-based demo scoring (offline mode).,38.5,397
INV0366,Pieter Wolf,Angel,Israel,Global,Pre-Seed; Seed,25000,100000,Enterprise Software; FinTech; Consumer,"Global fund focused on Enterprise Software, FinTech and data infrastructure at Pre-Seed stage. Thesis-driven around applied AI; healthcare exposure limited to a few portfolio bets.","RetailPulse, Quotable, LedgerOne",https://www.pieterwolf.example.com,contact@pieterwolf.example.com,9,100,30,35,Rubric-based demo scoring (offline mode).,38.5,398
INV0064,Astra VC,VC,Finland,Europe,Pre-Seed; Seed,2000000,16000000,B2B SaaS; Climate Tech,Invests Pre-Seed-Seed in Europe across B2B SaaS and Climate Tech. Prefers rounds with a clear 18-month path to the next milestone.,"MetricHub, AgriSense",https://www.astravc.example.com,contact@astravc.example.com,0,100,30,65,Rubric-based demo scoring (offline mode).,37.5,399
INV0050,Summit Growth,VC,United Kingdom,Europe,Pre-Seed; Seed,2000000,6000000,B2B SaaS; Industrial Tech; Climate Tech,Invests Pre-Seed-Seed in Europe across B2B SaaS and Industrial Tech. Prefers rounds with a clear 18-month path to the next milestone.,"CloudMesh, LedgerOne, Stackline",https://www.summitgrowth.example.com,contact@summitgrowth.example.com,0,100,30,65,Rubric-based demo scoring (offline mode).,37.5,400
INV0168,Berlin Capital,VC,United Kingdom,Europe,Seed; Series A,2000000,16000000,Industrial Tech; Climate Tech; Deep Tech,"Backs technical founders in Industrial Tech and Climate Tech across Europe, Seed to Series A. Sector-agnostic within B2B; avoids capital-intensive hardware.","DataForge, Fleetbase",https://www.berlincapital.example.com,contact@berlincapital.example.com,0,100,30,65,Rubric-based demo scoring (offline mode).,37.5,401
INV0159,Lukas Becker,Angel,Sweden,Europe,Pre-Seed; Seed,10000,40000,Cybersecurity; Deep Tech; EdTech,Invests Pre-Seed-Seed in Europe across Cybersecurity and Deep Tech. Prefers rounds with a clear 18-month path to the next milestone.,"Fleetbase, SecureLoop, BuildOS",https://www.lukasbecker.example.com,contact@lukasbecker.example.com,0,100,30,65,Rubric-based demo scoring (offline mode).,37.5,402
INV0443,Willow Growth,VC,Denmark,Europe,Seed; Series A; Series B,2000000,6000000,EdTech; Industrial Tech; Cybersecurity,Invests Seed-Series B in Europe across EdTech and Industrial Tech. Prefers rounds with a clear 18-month path to the next milestone.,"BuildOS, TalentGrid, ShipRadar",https://www.willowgrowth.example.com,contact@willowgrowth.example.com,0,100,30,65,Rubric-based demo scoring (offline mode).,37.5,403
INV0520,Kepler Capital,VC,Sweden,Europe,Pre-Seed; Seed; Series A,2000000,16000000,Logistics; Cybersecurity; Deep Tech,Invests Pre-Seed-Series A in Europe across Logistics and Cybersecurity. Prefers rounds with a clear 18-month path to the next milestone.,"BuildOS, PayNordic",https://www.keplercapital.example.com,contact@keplercapital.example.com,0,100,30,65,Rubric-based demo scoring (offline mode).,37.5,404
INV0475,Tessel Growth,VC,Netherlands,Europe,Pre-Seed; Seed; Series A,2000000,16000000,EdTech; Consumer,"Backs technical founders in EdTech and Consumer across Europe, Pre-Seed to Series A. Sector-agnostic within B2B; avoids capital-intensive hardware.","PayNordic, Fleetbase",https://www.tesselgrowth.example.com,contact@tesselgrowth.example.com,0,100,30,65,Rubric-based demo scoring (offline mode).,37.5,405
INV0445,Tessel Partners,VC,United Kingdom,Europe,Seed; Series A; Series B,2000000,10000000,Climate Tech; Industrial Tech; Deep Tech,"Backs technical founders in Climate Tech and Industrial Tech across Europe, Seed to Series B. Sector-agnostic within B2B; avoids capital-intensive hardware.","LedgerOne, CloudMesh, SecureLoop",https://www.tesselpartners.example.com,contact@tesselpartners.example.com,0,100,30,65,Rubric-based demo scoring (offline mode).,37.5,406
INV0042,Stefan Braun,Angel,Denmark,Europe,Seed; Series A,50000,200000,FinTech; AI/ML,"Backs technical founders in FinTech and AI/ML across Europe, Seed to Series A. Sector-agnostic within B2B; avoids capital-intensive hardware.","DocuSpeed, LedgerOne",https://www.stefanbraun.example.com,contact@stefanbraun.example.com,0,100,30,65,Rubric-based demo scoring (offline mode).,37.5,407
INV0040,ViennaMed Innovation Fund,CVC,Netherlands,Europe,Seed; Series A; Series B,2000000,10000000,B2B SaaS; Deep Tech,Invests Seed-Series B in Europe across B2B SaaS and Deep Tech. Prefers rounds with a clear 18-month path to the next milestone.,"Fleetbase, ShipRadar",https://www.viennamedinnovationfund.example.com,contact@viennamedinnovationfund.example.com,0,100,30,65,Rubric-based demo scoring (offline mode).,37.5,408
INV0314,Summit Partners,VC,France,Europe,Seed; Series A,2000000,16000000,Enterprise Software; Logistics; B2B SaaS,Invests Seed-Series A in Europe across Enterprise Software and Logistics. Prefers rounds with a clear 18-month path to the next milestone.,"TalentGrid, Stackline",https://www.summitpartners.example.com,contact@summitpartners.example.com,0,100,30,65,Rubric-based demo scoring (offline mode).,37.5,409
INV0326,Cedar Ventures,VC,Norway,Europe,Pre-Seed; Seed,2000000,16000000,Enterprise Software; AI/ML,Invests Pre-Seed-Seed in Europe across Enterprise Software and AI/ML. Prefers rounds with a clear 18-month path to the next milestone.,"EnergyKit, MetricHub",https://www.cedarventures.example.com,contact@cedarventures.example.com,0,100,30,65,Rubric-based demo scoring (offline mode).,37.5,410
INV0316,Julia Klein,Angel,Denmark,Europe,Seed; Series A,10000,40000,PropTech; B2B SaaS; BioTech,Invests Seed-Series A in Europe across PropTech and B2B SaaS. Prefers rounds with a clear 18-month path to the next milestone.,"Fleetbase, MetricHub",https://www.juliaklein.example.com,contact@juliaklein.example.com,0,100,30,65,Rubric-based demo scoring (offline mode).,37.5,411
INV0213,Tessel Invest,VC,Spain,Europe,Seed; Series A,2000000,10000000,B2B SaaS; FinTech; Climate Tech,Invests Seed-Series A in Europe across B2B SaaS and FinTech. Prefers rounds with a clear 18-month path to the next milestone.,"EnergyKit, PayNordic, MetricHub",https://www.tesselinvest.example.com,contact@tesselinvest.example.com,0,100,30,65,Rubric-based demo scoring (offline mode).,37.5,412
INV0101,Nova Strategic Ventures,CVC,France,Europe,Pre-Seed; Seed,2000000,16000000,Deep Tech; Cybersecurity; B2B SaaS,Invests Pre-Seed-Seed in Europe across Deep Tech and Cybersecurity. Prefers rounds with a clear 18-month path to the next milestone.,"BuildOS, AgriSense",https://www.novastrategicventures.example.com,contact@novastrategicventures.example.com,0,100,30,65,Rubric-based demo scoring (offline mode).,37.5,413
INV0109,Anna Koch,Angel,United Kingdom,Europe,Seed; Series A; Series B,10000,100000,B2B SaaS; Cybersecurity,"Backs technical founders in B2B SaaS and Cybersecurity across Europe, Seed to Series B. Sector-agnostic within B2B; avoids capital-intensive hardware.","MetricHub, LedgerOne, SecureLoop",https://www.annakoch.example.com,contact@annakoch.example.com,0,100,30,65,Rubric-based demo scoring (offline mode).,37.5,414
INV0311,Andreas Koch,Angel,United Kingdom,Europe,Seed,25000,250000,Consumer; Logistics; EdTech,"Backs technical founders in Consumer and Logistics across Europe, Seed to Seed. Sector-agnostic within B2B; avoids capital-intensive hardware.","MetricHub, ShipRadar",https://www.andreaskoch.example.com,contact@andreaskoch.example.com,0,100,30,65,Rubric-based demo scoring (offline mode).,37.5,415
INV0268,Maximilian Rossi,Angel,Netherlands,Europe,Pre-Seed; Seed,25000,250000,B2B SaaS; Consumer,"Backs technical founders in B2B SaaS and Consumer across Europe, Pre-Seed to Seed. Sector-agnostic within B2B; avoids capital-intensive hardware.","PayNordic, LedgerOne, AgriSense",https://www.maximilianrossi.example.com,contact@maximilianrossi.example.com,0,100,30,65,Rubric-based demo scoring (offline mode).,37.5,416
INV0332,Felix Werner,Angel,France,Europe,Seed; Series A; Series B,10000,40000,B2B SaaS; Industrial Tech; EdTech,"Backs technical founders in B2B SaaS and Industrial Tech across Europe, Seed to Series B. Sector-agnostic within B2B; avoids capital-intensive hardware.","CloudMesh, AgriSense, TalentGrid",https://www.felixwerner.example.com,contact@felixwerner.example.com,0,100,30,65,Rubric-based demo scoring (offline mode).,37.5,417
INV0098,Stefan Weiss,Angel,United Kingdom,Europe,Seed,25000,250000,PropTech; Deep Tech; Climate Tech,Invests Seed-Seed in Europe across PropTech and Deep Tech. Prefers rounds with a clear 18-month path to the next milestone.,"EnergyKit, PayNordic, AgriSense",https://www.stefanweiss.example.com,contact@stefanweiss.example.com,0,100,30,65,Rubric-based demo scoring (offline mode).,37.5,418
INV0433,Donau Beteiligungen,Family Office,Germany,DACH,Seed; Series A; Series B,100000,400000,Cybersecurity; B2B SaaS,Invests Seed-Series B in DACH across Cybersecurity and B2B SaaS. Prefers rounds with a clear 18-month path to the next milestone.,"DataForge, TalentGrid, RetailPulse",https://www.donaubeteiligungen.example.com,contact@donaubeteiligungen.example.com,0,100,12,100,Rubric-based demo scoring (offline mode).,37.4,419
INV0005,Oak Capital,VC,Canada,Global,Series A,500000,1500000,Consumer; Deep Tech; Enterprise Software,"Global fund focused on Consumer, Deep Tech and data infrastructure at Series A stage. Thesis-driven around applied AI; healthcare exposure limited to a few portfolio bets.","MetricHub, ShipRadar",https://www.oakcapital.example.com,contact@oakcapital.example.com,9,55,80,35,Rubric-based demo scoring (offline mode).,37.3,420
INV0486,Marble Growth,VC,United States,Global,Series A; Series B; Growth,250000,2000000,FinTech; PropTech,"Backs technical founders in FinTech and PropTech across Global, Series A to Growth. Sector-agnostic within B2B; avoids capital-intensive hardware.","Stackline, BuildOS",https://www.marblegrowth.example.com,contact@marblegrowth.example.com,0,55,100,35,Rubric-based demo scoring (offline mode).,37.2,421
INV0297,Sophie Weiss,Angel,Germany,DACH,Series B; Growth,50000,300000,BioTech; Radiology AI,"DACH-focused fund investing in BioTech, Radiology AI and adjacent life-science tooling from Series B to Growth. Values reimbursement strategy and health-system pilots over pure research.","Radiant Dx, PulseWare",https://www.sophieweiss.example.com,contact@sophieweiss.example.com,53,10,4,100,Rubric-based demo scoring (offline mode).,37.2,422
INV0507,Astrid Lehmann,Angel,UAE,Global,Series A; Series B; Growth,50000,500000,Consumer; Enterprise Software,Generalist Series A-to-Growth investor in Global with positions in Consumer and Enterprise Software. Occasionally opportunistic in digital health when the model is software-first.,"BuildOS, AgriSense",https://www.astridlehmann.example.com,contact@astridlehmann.example.com,35,55,20,35,Rubric-based demo scoring (offline mode).,37.0,423
INV0115,Stefan Krüger,Angel,Sweden,Europe,Series A,50000,300000,Enterprise Software; Logistics; EdTech; AI in Healthcare,"Backs technical founders in Enterprise Software and Logistics across Europe, Series A to Series A. Sector-agnostic within B2B; avoids capital-intensive hardware.","SecureLoop, DocuSpeed",https://www.stefankrueger.example.com,contact@stefankrueger.example.com,35,55,4,65,Rubric-based demo scoring (offline mode).,36.8,424
INV0463,Polar VC,VC,United States,Global,Seed; Series A; Series B,250000,750000,Enterprise Software; FinTech; B2B SaaS,"Backs technical founders in Enterprise Software and FinTech across Global, Seed to Series B. Sector-agnostic within B2B; avoids capital-intensive hardware.","CloudMesh, PayNordic",https://www.polarvc.example.com,contact@polarvc.example.com,0,100,40,35,Rubric-based demo scoring (offline mode).,36.5,425
INV0136,Juno VC,VC,Singapore,Global,Seed; Series A; Series B,250000,750000,B2B SaaS; Consumer; Industrial Tech,Invests Seed-Series B in Global across B2B SaaS and Consumer. Prefers rounds with a clear 18-month path to the next milestone.,"EnergyKit, Quotable, ShipRadar",https://www.junovc.example.com,contact@junovc.example.com,0,100,40,35,Rubric-based demo scoring (offline mode).,36.5,426
INV0405,Nord Partners,VC,France,Europe,Series A; Series B,500000,1500000,Enterprise Software; Industrial Tech,"Backs technical founders in Enterprise Software and Industrial Tech across Europe, Series A to Series B. Sector-agnostic within B2B; avoids capital-intensive hardware.","LedgerOne, MetricHub",https://www.nordpartners.example.com,contact@nordpartners.example.com,0,55,80,65,Rubric-based demo scoring (offline mode).,36.2,427
INV0031,Drift Capital,VC,France,Europe,Series A; Series B,250000,1250000,Enterprise Software; PropTech,Invests Series A-Series B in Europe across Enterprise Software and PropTech. Prefers rounds with a clear 18-month path to the next milestone.,"PayNordic, CloudMesh",https://www.driftcapital.example.com,contact@driftcapital.example.com,0,55,80,65,Rubric-based demo scoring (offline mode).,36.2,428
INV0493,Signal Partners,VC,Germany,DACH,Series B; Growth,1000000,8000000,Deep Tech; Consumer,Generalist Series B-to-Growth investor in DACH with positions in Deep Tech and Consumer. Occasionally opportunistic in digital health when the model is software-first.,"Fleetbase, AgriSense",https://www.signalpartners.example.com,contact@signalpartners.example.com,35,10,40,100,Rubric-based demo scoring (offline mode).,36.2,429
INV0380,Argo Capital,VC,Switzerland,DACH,Series B; Growth,1000000,5000000,Deep Tech; B2B SaaS; Logistics; Medical Devices,"Backs technical founders in Deep Tech and B2B SaaS across DACH, Series B to Growth. Sector-agnostic within B2B; avoids capital-intensive hardware.","RetailPulse, CloudMesh, SecureLoop",https://www.argocapital.example.com,contact@argocapital.example.com,35,10,40,100,Rubric-based demo scoring (offline mode).,36.2,430
INV0438,Rhein Venture Partners,VC,United Kingdom,Europe,Pre-Seed,500000,4000000,Climate Tech; Logistics,Invests Pre-Seed-Pre-Seed in Europe across Climate Tech and Logistics. Prefers rounds with a clear 18-month path to the next milestone.,"RetailPulse, DataForge, ShipRadar",https://www.rheinventurepartners.example.com,contact@rheinventurepartners.example.com,0,55,80,65,Rubric-based demo scoring (offline mode).,36.2,431
INV0030,Basil Family Office,Family Office,Germany,DACH,Series A; Series B; Growth,250000,1000000,Deep Tech; Consumer; PropTech,"Backs technical founders in Deep Tech and Consumer across DACH, Series A to Growth. Sector-agnostic within B2B; avoids capital-intensive hardware.","LedgerOne, CloudMesh, ShipRadar",https://www.basilfamilyoffice.example.com,contact@basilfamilyoffice.example.com,0,55,60,100,Rubric-based demo scoring (offline mode).,35.8,432
INV0067,Oak Partners,VC,Austria,DACH,Series A; Series B; Growth,1000000,8000000,EdTech; B2B SaaS; Deep Tech,"DACH fund focused on EdTech, B2B SaaS and data infrastructure at Series A stage. Thesis-driven around applied AI; healthcare exposure limited to a few portfolio bets.","ShipRadar, Fleetbase",https://www.oakpartners.example.com,contact@oakpartners.example.com,9,55,40,100,Rubric-based demo scoring (offline mode).,35.8,433
INV0032,Polar Partners,VC,Switzerland,DACH,Series A; Series B; Growth,1000000,3000000,B2B SaaS; Cybersecurity; EdTech,"DACH fund focused on B2B SaaS, Cybersecurity and data infrastructure at Series A stage. Thesis-driven around applied AI; healthcare exposure limited to a few portfolio bets.","Fleetbase, RetailPulse",https://www.polarpartners.example.com,contact@polarpartners.example.com,9,55,40,100,Rubric-based demo scoring (offline mode).,35.8,434
INV0334,Lumen Beteiligungen,Family Office,Germany,DACH,Series A; Series B; Growth,250000,1000000,Industrial Tech; FinTech,"Backs technical founders in Industrial Tech and FinTech across DACH, Series A to Growth. Sector-agnostic within B2B; avoids capital-intensive hardware.","Fleetbase, PayNordic, CloudMesh",https://www.lumenbeteiligungen.example.com,contact@lumenbeteiligungen.example.com,0,55,60,100,Rubric-based demo scoring (offline mode).,35.8,435
INV0196,Erik Neumann,Angel,Netherlands,Europe,Seed; Series A,50000,500000,PropTech; Industrial Tech; Cybersecurity,"Backs technical founders in PropTech and Industrial Tech across Europe, Seed to Series A. Sector-agnostic within B2B; avoids capital-intensive hardware.","TalentGrid, PayNordic",https://www.erikneumann.example.com,contact@erikneumann.example.com,0,100,20,65,Rubric-based demo scoring (offline mode).,35.5,436
INV0505,Maximilian Meier,Angel,Denmark,Europe,Seed; Series A,50000,500000,FinTech; PropTech; Deep Tech,Invests Seed-Series A in Europe across FinTech and PropTech. Prefers rounds with a clear 18-month path to the next milestone.,"DataForge, Fleetbase",https://www.maximilianmeier.example.com,contact@maximilianmeier.example.com,0,100,20,65,Rubric-based demo scoring (offline mode).,35.5,437
INV0207,Argo Beteiligungen,Family Office,Canada,Global,Seed,100000,400000,AI/ML; PropTech,"Global fund focused on AI/ML, PropTech and data infrastructure at Seed stage. Thesis-driven around applied AI; healthcare exposure limited to a few portfolio bets.","EnergyKit, TalentGrid, CloudMesh",https://www.argobeteiligungen.example.com,contact@argobeteiligungen.example.com,9,100,12,35,Rubric-based demo scoring (offline mode).,35.0,438
INV0092,Stefan Becker,Angel,United States,Global,Seed; Series A,25000,150000,FinTech; Enterprise Software; B2B SaaS,Invests Seed-Series A in Global across FinTech and Enterprise Software. Prefers rounds with a clear 18-month path to the next milestone.,"DataForge, CloudMesh, RetailPulse",https://www.stefanbecker.example.com,contact@stefanbecker.example.com,0,100,30,35,Rubric-based demo scoring (offline mode).,34.5,439
INV0231,Laura Werner,Angel,Canada,Global,Seed,10000,100000,Deep Tech; AI/ML,"Backs technical founders in Deep Tech and AI/ML across Global, Seed to Seed. Sector-agnostic within B2B; avoids capital-intensive hardware.","Fleetbase, AgriSense, PayNordic",https://www.laurawerner.example.com,contact@laurawerner.example.com,0,100,30,35,Rubric-based demo scoring (offline mode).,34.5,440
INV0128,Isabelle Rossi,Angel,United States,Global,Pre-Seed; Seed; Series A,10000,40000,Cybersecurity; Deep Tech; B2B SaaS,Invests Pre-Seed-Series A in Global across Cybersecurity and Deep Tech. Prefers rounds with a clear 18-month path to the next milestone.,"DataForge, EnergyKit",https://www.isabellerossi.example.com,contact@isabellerossi.example.com,0,100,30,35,Rubric-based demo scoring (offline mode).,34.5,441
INV0293,David Weiss,Angel,Israel,Global,Seed,10000,60000,Climate Tech; Enterprise Software,"Backs technical founders in Climate Tech and Enterprise Software across Global, Seed to Seed. Sector-agnostic within B2B; avoids capital-intensive hardware.","Fleetbase, PayNordic",https://www.davidweiss.example.com,contact@davidweiss.example.com,0,100,30,35,Rubric-based demo scoring (offline mode).,34.5,442
INV0299,Andreas Schmitt,Angel,United States,Global,Seed; Series A,25000,250000,AI/ML; Logistics; PropTech,Invests Seed-Series A in Global across AI/ML and Logistics. Prefers rounds with a clear 18-month path to the next milestone.,"Quotable, EnergyKit, TalentGrid",https://www.andreasschmitt.example.com,contact@andreasschmitt.example.com,0,100,30,35,Rubric-based demo scoring (offline mode).,34.5,443
INV0497,Atlas Partners,VC,United States,Global,Pre-Seed; Seed; Series A,2000000,6000000,Cybersecurity; EdTech,Invests Pre-Seed-Series A in Global across Cybersecurity and EdTech. Prefers rounds with a clear 18-month path to the next milestone.,"MetricHub, Stackline",https://www.atlaspartners.example.com,contact@atlaspartners.example.com,0,100,30,35,Rubric-based demo scoring (offline mode).,34.5,444
INV0417,Falcon Capital,VC,United States,Global,Seed; Series A; Series B,2000000,16000000,AI/ML; Industrial Tech; Enterprise Software,Invests Seed-Series B in Global across AI/ML and Industrial Tech. Prefers rounds with a clear 18-month path to the next milestone.,"LedgerOne, EnergyKit, ShipRadar",https://www.falconcapital.example.com,contact@falconcapital.example.com,0,100,30,35,Rubric-based demo scoring (offline mode).,34.5,445
INV0342,Alpen Venture Partners,VC,Austria,DACH,Series B,2000000,16000000,Consumer; Cybersecurity,Generalist Series B-to-Series B investor in DACH with positions in Consumer and Cybersecurity. Occasionally opportunistic in digital health when the model is software-first.,"MetricHub, DataForge, PayNordic",https://www.alpenventurepartners.example.com,contact@alpenventurepartners.example.com,35,10,30,100,Rubric-based demo scoring (offline mode).,34.2,446
INV0437,Mont Holding,Family Office,United States,Global,Seed; Series A,100000,600000,PropTech; Climate Tech,Invests Seed-Series A in Global across PropTech and Climate Tech. Prefers rounds with a clear 18-month path to the next milestone.,"SecureLoop, TalentGrid, CloudMesh",https://www.montholding.example.com,contact@montholding.example.com,0,100,28,35,Rubric-based demo scoring (offline mode).,34.1,447
INV0514,Helix Family Office,Family Office,France,Europe,Seed,100000,400000,EdTech; Enterprise Software; FinTech; BioTech,"Backs technical founders in EdTech and Enterprise Software across Europe, Seed to Seed. Sector-agnostic within B2B; avoids capital-intensive hardware.","SecureLoop, LedgerOne, Fleetbase",https://www.helixfamilyoffice.example.com,contact@helixfamilyoffice.example.com,0,100,12,65,Rubric-based demo scoring (offline mode).,33.9,448
INV0368,Falcon Ventures,VC,Switzerland,DACH,Series A; Series B; Growth,2000000,6000000,PropTech; Climate Tech; EdTech,"DACH fund focused on PropTech, Climate Tech and data infrastructure at Series A stage. Thesis-driven around applied AI; healthcare exposure limited to a few portfolio bets.","PayNordic, ShipRadar",https://www.falconventures.example.com,contact@falconventures.example.com,9,55,30,100,Rubric-based demo scoring (offline mode).,33.8,449
INV0035,Lukas Weiss,Angel,Austria,DACH,Series A,25000,150000,EdTech; AI/ML; Consumer,"DACH fund focused on EdTech, AI/ML and data infrastructure at Series A stage. Thesis-driven around applied AI; healthcare exposure limited to a few portfolio bets.","EnergyKit, ShipRadar, DocuSpeed",https://www.lukasweiss.example.com,contact@lukasweiss.example.com,9,55,30,100,Rubric-based demo scoring (offline mode).,33.8,450
INV0048,Oak Venture Partners,VC,Germany,DACH,Pre-Seed,2000000,6000000,Climate Tech; Deep Tech,"DACH fund focused on Climate Tech, Deep Tech and data infrastructure at Pre-Seed stage. Thesis-driven around applied AI; healthcare exposure limited to a few portfolio bets.","MetricHub, LedgerOne, DataForge",https://www.oakventurepartners.example.com,contact@oakventurepartners.example.com,9,55,30,100,Rubric-based demo scoring (offline mode).,33.8,451
INV0068,Aurora Ventures,VC,Austria,DACH,Series A; Series B,2000000,16000000,Logistics; PropTech,"DACH fund focused on Logistics, PropTech and data infrastructure at Series A stage. Thesis-driven around applied AI; healthcare exposure limited to a few portfolio bets.","Quotable, CloudMesh",https://www.auroraventures.example.com,contact@auroraventures.example.com,9,55,30,100,Rubric-based demo scoring (offline mode).,33.8,452
INV0325,Argo Ventures,VC,Austria,DACH,Series A,2000000,6000000,PropTech; Climate Tech,"DACH fund focused on PropTech, Climate Tech and data infrastructure at Series A stage. Thesis-driven around applied AI; healthcare exposure limited to a few portfolio bets.","ShipRadar, Stackline, EnergyKit",https://www.argoventures.example.com,contact@argoventures.example.com,9,55,30,100,Rubric-based demo scoring (offline mode).,33.8,453
INV0409,Nord Group,Family Office,United States,Global,Pre-Seed,500000,4000000,Enterprise Software; Industrial Tech,"Backs technical founders in Enterprise Software and Industrial Tech across Global, Pre-Seed to Pre-Seed. Sector-agnostic within B2B; avoids capital-intensive hardware.","PayNordic, ShipRadar, RetailPulse",https://www.nordgroup.example.com,contact@nordgroup.example.com,0,55,80,35,Rubric-based demo scoring (offline mode).,33.2,454
INV0057,Linden VC,VC,Denmark,Europe,Series B; Growth,1000000,5000000,EdTech; Industrial Tech; Enterprise Software,Generalist Series B-to-Growth investor in Europe with positions in EdTech and Industrial Tech. Occasionally opportunistic in digital health when the model is software-first.,"LedgerOne, DocuSpeed",https://www.lindenvc.example.com,contact@lindenvc.example.com,35,10,40,65,Rubric-based demo scoring (offline mode).,32.8,455
INV0248,Summit Group,Family Office,Germany,DACH,Series B,500000,3000000,Deep Tech; Enterprise Software,"DACH fund focused on Deep Tech, Enterprise Software and data infrastructure at Series B stage. Thesis-driven around applied AI; healthcare exposure limited to a few portfolio bets.","Quotable, LedgerOne",https://www.summitgroup.example.com,contact@summitgroup.example.com,9,10,80,100,Rubric-based demo scoring (offline mode).,32.5,456
INV0496,Isar Partners,VC,Austria,DACH,Series B; Growth,500000,4000000,Deep Tech; EdTech,"DACH fund focused on Deep Tech, EdTech and data infrastructure at Series B stage. Thesis-driven around applied AI; healthcare exposure limited to a few portfolio bets.","Stackline, AgriSense",https://www.isarpartners.example.com,contact@isarpartners.example.com,9,10,80,100,Rubric-based demo scoring (offline mode).,32.5,457
INV0515,Cedar Growth,VC,Switzerland,DACH,Series B; Growth,500000,1500000,Enterprise Software; Deep Tech,"DACH fund focused on Enterprise Software, Deep Tech and data infrastructure at Series B stage. Thesis-driven around applied AI; healthcare exposure limited to a few portfolio bets.","AgriSense, EnergyKit",https://www.cedargrowth.example.com,contact@cedargrowth.example.com,9,10,80,100,Rubric-based demo scoring (offline mode).,32.5,458
INV0309,Stefan Lindqvist,Angel,Finland,Europe,Seed,50000,300000,Climate Tech; Deep Tech,Invests Seed-Seed in Europe across Climate Tech and Deep Tech. Prefers rounds with a clear 18-month path to the next milestone.,"LedgerOne, DataForge, Fleetbase",https://www.stefanlindqvist.example.com,contact@stefanlindqvist.example.com,0,100,4,65,Rubric-based demo scoring (offline mode).,32.3,459
INV0241,Nova Invest,VC,Norway,Europe,Series A; Series B; Growth,1000000,3000000,Consumer; PropTech,"Europe fund focused on Consumer, PropTech and data infrastructure at Series A stage. Thesis-driven around applied AI; healthcare exposure limited to a few portfolio bets.","AgriSense, TalentGrid, CloudMesh",https://www.novainvest.example.com,contact@novainvest.example.com,9,55,40,65,Rubric-based demo scoring (offline mode).,32.3,460
INV0442,Marie Klein,Angel,Denmark,Europe,Seed,50000,300000,Cybersecurity; Logistics,"Backs technical founders in Cybersecurity and Logistics across Europe, Seed to Seed. Sector-agnostic within B2B; avoids capital-intensive hardware.","MetricHub, RetailPulse",https://www.marieklein.example.com,contact@marieklein.example.com,0,100,4,65,Rubric-based demo scoring (offline mode).,32.3,461
INV0161,Beacon Invest,VC,Spain,Europe,Series A; Series B,250000,750000,EdTech; B2B SaaS,"Europe fund focused on EdTech, B2B SaaS and data infrastructure at Series A stage. Thesis-driven around applied AI; healthcare exposure limited to a few portfolio bets.","Quotable, MetricHub, Fleetbase",https://www.beaconinvest.example.com,contact@beaconinvest.example.com,9,55,40,65,Rubric-based demo scoring (offline mode).,32.3,462
INV0375,Clara Schmidt,Angel,Netherlands,Europe,Seed; Series A,50000,300000,PropTech; Climate Tech,Invests Seed-Series A in Europe across PropTech and Climate Tech. Prefers rounds with a clear 18-month path to the next milestone.,"ShipRadar, Quotable",https://www.claraschmidt.example.com,contact@claraschmidt.example.com,0,100,4,65,Rubric-based demo scoring (offline mode).,32.3,463
INV0403,Lena Wagner,Angel,Belgium,Europe,Seed; Series A; Series B,50000,300000,Deep Tech; PropTech,Invests Seed-Series B in Europe across Deep Tech and PropTech. Prefers rounds with a clear 18-month path to the next milestone.,"MetricHub, TalentGrid",https://www.lenawagner.example.com,contact@lenawagner.example.com,0,100,4,65,Rubric-based demo scoring (offline mode).,32.3,464
INV0289,TesselTech Innovation Fund,CVC,Netherlands,Europe,Pre-Seed,1000000,3000000,AI/ML; Cybersecurity; Logistics,"Europe fund focused on AI/ML, Cybersecurity and data infrastructure at Pre-Seed stage. Thesis-driven around applied AI; healthcare exposure limited to a few portfolio bets.","RetailPulse, LedgerOne",https://www.tesseltechinnovationfund.example.com,contact@tesseltechinnovationfund.example.com,9,55,40,65,Rubric-based demo scoring (offline mode).,32.3,465
INV0365,Lumen Capital,VC,Germany,DACH,Series A; Series B; Growth,1000000,3000000,PropTech; Climate Tech,Invests Series A-Growth in DACH across PropTech and Climate Tech. Prefers rounds with a clear 18-month path to the next milestone.,"Fleetbase, PayNordic, MetricHub",https://www.lumencapital.example.com,contact@lumencapital.example.com,0,55,40,100,Rubric-based demo scoring (offline mode).,31.8,466
INV0172,JunoMed Strategic Ventures,CVC,Germany,DACH,Series A; Series B,1000000,3000000,Deep Tech; EdTech,"Backs technical founders in Deep Tech and EdTech across DACH, Series A to Series B. Sector-agnostic within B2B; avoids capital-intensive hardware.","LedgerOne, SecureLoop",https://www.junomedstrategicventures.example.com,contact@junomedstrategicventures.example.com,0,55,40,100,Rubric-based demo scoring (offline mode).,31.8,467
INV0357,Basil Growth,VC,Germany,DACH,Pre-Seed,1000000,3000000,AI/ML; Industrial Tech,"Backs technical founders in AI/ML and Industrial Tech across DACH, Pre-Seed to Pre-Seed. Sector-agnostic within B2B; avoids capital-intensive hardware.","Quotable, Stackline, CloudMesh",https://www.basilgrowth.example.com,contact@basilgrowth.example.com,0,55,40,100,Rubric-based demo scoring (offline mode).,31.8,468
INV0202,Lumen Invest,VC,Netherlands,Europe,Series B; Growth,2000000,10000000,AI/ML; Consumer; AI in Healthcare,"Backs technical founders in AI/ML and Consumer across Europe, Series B to Growth. Sector-agnostic within B2B; avoids capital-intensive hardware.","Stackline, TalentGrid",https://www.lumeninvest.example.com,contact@lumeninvest.example.com,35,10,30,65,Rubric-based demo scoring (offline mode).,30.8,469
INV0373,Beacon Partners,VC,Denmark,Europe,Series B; Growth,2000000,16000000,Cybersecurity; FinTech,Generalist Series B-to-Growth investor in Europe with positions in Cybersecurity and FinTech. Occasionally opportunistic in digital health when the model is software-first.,"RetailPulse, MetricHub, DataForge",https://www.beaconpartners.example.com,contact@beaconpartners.example.com,35,10,30,65,Rubric-based demo scoring (offline mode).,30.8,470
INV0411,Laura Fuchs,Angel,Sweden,Europe,Series A; Series B,10000,40000,Consumer; AI/ML; Cybersecurity,"Europe fund focused on Consumer, AI/ML and data infrastructure at Series A stage. Thesis-driven around applied AI; healthcare exposure limited to a few portfolio bets.","Fleetbase, BuildOS",https://www.laurafuchs.example.com,contact@laurafuchs.example.com,9,55,30,65,Rubric-based demo scoring (offline mode).,30.3,471
INV0046,Granite Venture Partners,VC,Netherlands,Europe,Series A; Series B,2000000,16000000,Climate Tech; Enterprise Software,"Europe fund focused on Climate Tech, Enterprise Software and data infrastructure at Series A stage. Thesis-driven around applied AI; healthcare exposure limited to a few portfolio bets.","RetailPulse, DocuSpeed",https://www.graniteventurepartners.example.com,contact@graniteventurepartners.example.com,9,55,30,65,Rubric-based demo scoring (offline mode).,30.3,472
INV0002,Florian Lange,Angel,United Kingdom,Europe,Series A,10000,100000,Industrial Tech; Deep Tech; AI/ML,"Europe fund focused on Industrial Tech, Deep Tech and data infrastructure at Series A stage. Thesis-driven around applied AI; healthcare exposure limited to a few portfolio bets.","Fleetbase, ShipRadar",https://www.florianlange.example.com,contact@florianlange.example.com,9,55,30,65,Rubric-based demo scoring (offline mode).,30.3,473
INV0384,Maximilian Weiss,Angel,France,Europe,Series A; Series B,25000,150000,Deep Tech; AI/ML,"Europe fund focused on Deep Tech, AI/ML and data infrastructure at Series A stage. Thesis-driven around applied AI; healthcare exposure limited to a few portfolio bets.","ShipRadar, PayNordic, MetricHub",https://www.maximilianweiss.example.com,contact@maximilianweiss.example.com,9,55,30,65,Rubric-based demo scoring (offline mode).,30.3,474
INV0446,Marble Family Office,Family Office,Germany,DACH,Series A; Series B,100000,400000,Industrial Tech; B2B SaaS,"DACH fund focused on Industrial Tech, B2B SaaS and data infrastructure at Series A stage. Thesis-driven around applied AI; healthcare exposure limited to a few portfolio bets.","SecureLoop, CloudMesh",https://www.marblefamilyoffice.example.com,contact@marblefamilyoffice.example.com,9,55,12,100,Rubric-based demo scoring (offline mode).,30.2,475
INV0152,Delta Beteiligungen,Family Office,Netherlands,Europe,Series A; Series B; Growth,100000,600000,Climate Tech; Deep Tech,"Europe fund focused on Climate Tech, Deep Tech and data infrastructure at Series A stage. Thesis-driven around applied AI; healthcare exposure limited to a few portfolio bets.","CloudMesh, TalentGrid, DocuSpeed",https://www.deltabeteiligungen.example.com,contact@deltabeteiligungen.example.com,9,55,28,65,Rubric-based demo scoring (offline mode).,29.9,476
INV0288,Falcon Partners,VC,Germany,DACH,Series A; Series B; Growth,2000000,10000000,EdTech; PropTech; Deep Tech,"Backs technical founders in EdTech and PropTech across DACH, Series A to Growth. Sector-agnostic within B2B; avoids capital-intensive hardware.","CloudMesh, Fleetbase",https://www.falconpartners.example.com,contact@falconpartners.example.com,0,55,30,100,Rubric-based demo scoring (offline mode).,29.8,477
INV0251,Cobalt Venture Partners,VC,Austria,DACH,Series A; Series B,2000000,6000000,Industrial Tech; B2B SaaS; PropTech,Invests Series A-Series B in DACH across Industrial Tech and B2B SaaS. Prefers rounds with a clear 18-month path to the next milestone.,"SecureLoop, Quotable",https://www.cobaltventurepartners.example.com,contact@cobaltventurepartners.example.com,0,55,30,100,Rubric-based demo scoring (offline mode).,29.8,478
INV0263,Jonas Krause,Angel,Germany,DACH,Pre-Seed,50000,200000,Enterprise Software; Deep Tech,Invests Pre-Seed-Pre-Seed in DACH across Enterprise Software and Deep Tech. Prefers rounds with a clear 18-month path to the next milestone.,"LedgerOne, PayNordic",https://www.jonaskrause.example.com,contact@jonaskrause.example.com,0,55,30,100,Rubric-based demo scoring (offline mode).,29.8,479
INV0337,Sophie Huber,Angel,Austria,DACH,Series A; Series B,25000,250000,Deep Tech; B2B SaaS,"Backs technical founders in Deep Tech and B2B SaaS across DACH, Series A to Series B. Sector-agnostic within B2B; avoids capital-intensive hardware.","MetricHub, Fleetbase, EnergyKit",https://www.sophiehuber.example.com,contact@sophiehuber.example.com,0,55,30,100,Rubric-based demo scoring (offline mode).,29.8,480
INV0049,Ember Capital,VC,Germany,DACH,Series A; Series B,2000000,10000000,B2B SaaS; Deep Tech; PropTech,Invests Series A-Series B in DACH across B2B SaaS and Deep Tech. Prefers rounds with a clear 18-month path to the next milestone.,"EnergyKit, BuildOS",https://www.embercapital.example.com,contact@embercapital.example.com,0,55,30,100,Rubric-based demo scoring (offline mode).,29.8,481
INV0461,Sebastian Schröder,Angel,Israel,Global,Seed; Series A,50000,300000,Industrial Tech; B2B SaaS,Invests Seed-Series A in Global across Industrial Tech and B2B SaaS. Prefers rounds with a clear 18-month path to the next milestone.,"LedgerOne, BuildOS, TalentGrid",https://www.sebastianschroeder.example.com,contact@sebastianschroeder.example.com,0,100,4,35,Rubric-based demo scoring (offline mode).,29.3,482
INV0028,Stefan Visser,Angel,United States,Global,Seed; Series A; Series B,50000,300000,EdTech; Climate Tech,"Backs technical founders in EdTech and Climate Tech across Global, Seed to Series B. Sector-agnostic within B2B; avoids capital-intensive hardware.","MetricHub, SecureLoop, DataForge",https://www.stefanvisser.example.com,contact@stefanvisser.example.com,0,100,4,35,Rubric-based demo scoring (offline mode).,29.3,483
INV0232,Riverside Group,Family Office,Sweden,Europe,Series A; Series B,100000,800000,Cybersecurity; EdTech; Climate Tech,"Backs technical founders in Cybersecurity and EdTech across Europe, Series A to Series B. Sector-agnostic within B2B; avoids capital-intensive hardware.","RetailPulse, DataForge, MetricHub",https://www.riversidegroup.example.com,contact@riversidegroup.example.com,0,55,44,65,Rubric-based demo scoring (offline mode).,29.1,484
INV0140,Vienna Holding,Family Office,United Kingdom,Europe,Series A; Series B,100000,800000,Logistics; PropTech,Invests Series A-Series B in Europe across Logistics and PropTech. Prefers rounds with a clear 18-month path to the next milestone.,"DocuSpeed, PayNordic, Stackline",https://www.viennaholding.example.com,contact@viennaholding.example.com,0,55,44,65,Rubric-based demo scoring (offline mode).,29.1,485
INV0060,Ember Invest,VC,Netherlands,Europe,Series B; Growth,500000,2500000,Climate Tech; Logistics,"Europe fund focused on Climate Tech, Logistics and data infrastructure at Series B stage. Thesis-driven around applied AI; healthcare exposure limited to a few portfolio bets.","AgriSense, DataForge",https://www.emberinvest.example.com,contact@emberinvest.example.com,9,10,80,65,Rubric-based demo scoring (offline mode).,29.1,486
INV0363,Cedar Capital,VC,Belgium,Europe,Series B; Growth,250000,2000000,FinTech; Cybersecurity,Invests Series B-Growth in Europe across FinTech and Cybersecurity. Prefers rounds with a clear 18-month path to the next milestone.,"Quotable, LedgerOne, SecureLoop",https://www.cedarcapital.example.com,contact@cedarcapital.example.com,0,10,100,65,Rubric-based demo scoring (offline mode).,29.0,487
INV0138,Mont Vermögensverwaltung,Family Office,Germany,DACH,Series B; Growth,500000,4000000,EdTech; Climate Tech,"Backs technical founders in EdTech and Climate Tech across DACH, Series B to Growth. Sector-agnostic within B2B; avoids capital-intensive hardware.","TalentGrid, DocuSpeed, AgriSense",https://www.montvermoegensverwaltung.example.com,contact@montvermoegensverwaltung.example.com,0,10,80,100,Rubric-based demo scoring (offline mode).,28.5,488
INV0201,Helix Capital,VC,Belgium,Europe,Series A; Series B,1000000,3000000,Consumer; Cybersecurity,"Backs technical founders in Consumer and Cybersecurity across Europe, Series A to Series B. Sector-agnostic within B2B; avoids capital-intensive hardware.","PayNordic, CloudMesh",https://www.helixcapital.example.com,contact@helixcapital.example.com,0,55,40,65,Rubric-based demo scoring (offline mode).,28.2,489
INV0456,Ember Venture Partners,VC,Sweden,Europe,Series A; Series B; Growth,250000,750000,Enterprise Software; AI/ML; Industrial Tech,Invests Series A-Growth in Europe across Enterprise Software and AI/ML. Prefers rounds with a clear 18-month path to the next milestone.,"EnergyKit, PayNordic, MetricHub",https://www.emberventurepartners.example.com,contact@emberventurepartners.example.com,0,55,40,65,Rubric-based demo scoring (offline mode).,28.2,490
INV0255,Vertex Partners,VC,Netherlands,Europe,Pre-Seed,1000000,8000000,Logistics; EdTech,"Backs technical founders in Logistics and EdTech across Europe, Pre-Seed to Pre-Seed. Sector-agnostic within B2B; avoids capital-intensive hardware.","AgriSense, Quotable, SecureLoop",https://www.vertexpartners.example.com,contact@vertexpartners.example.com,0,55,40,65,Rubric-based demo scoring (offline mode).,28.2,491
INV0075,Katharina Lindqvist,Angel,Austria,DACH,Series A; Series B; Growth,50000,500000,PropTech; Industrial Tech; AI/ML,Invests Series A-Growth in DACH across PropTech and Industrial Tech. Prefers rounds with a clear 18-month path to the next milestone.,"TalentGrid, RetailPulse, CloudMesh",https://www.katharinalindqvist.example.com,contact@katharinalindqvist.example.com,0,55,20,100,Rubric-based demo scoring (offline mode).,27.8,492
INV0286,Erik Schmidt,Angel,United States,Global,Series B; Growth,10000,40000,Consumer; PropTech; AI/ML; Clinical Software,"Backs technical founders in Consumer and PropTech across Global, Series B to Growth. Sector-agnostic within B2B; avoids capital-intensive hardware.","LedgerOne, TalentGrid, Fleetbase",https://www.erikschmidt.example.com,contact@erikschmidt.example.com,35,10,30,35,Rubric-based demo scoring (offline mode).,27.8,493
INV0441,Tessel Group,Family Office,Belgium,Europe,Series A,100000,400000,FinTech; EdTech,"Europe fund focused on FinTech, EdTech and data infrastructure at Series A stage. Thesis-driven around applied AI; healthcare exposure limited to a few portfolio bets.","DocuSpeed, SecureLoop, DataForge",https://www.tesselgroup.example.com,contact@tesselgroup.example.com,9,55,12,65,Rubric-based demo scoring (offline mode).,26.7,494
INV0484,Marco Fuchs,Angel,Italy,Europe,Pre-Seed,10000,60000,Deep Tech; Logistics; AI/ML,Invests Pre-Seed-Pre-Seed in Europe across Deep Tech and Logistics. Prefers rounds with a clear 18-month path to the next milestone.,"EnergyKit, DocuSpeed",https://www.marcofuchs.example.com,contact@marcofuchs.example.com,0,55,30,65,Rubric-based demo scoring (offline mode).,26.2,495
INV0481,Zenith Growth,VC,Denmark,Europe,Pre-Seed,2000000,10000000,PropTech; Climate Tech; Industrial Tech,Invests Pre-Seed-Pre-Seed in Europe across PropTech and Climate Tech. Prefers rounds with a clear 18-month path to the next milestone.,"TalentGrid, CloudMesh",https://www.zenithgrowth.example.com,contact@zenithgrowth.example.com,0,55,30,65,Rubric-based demo scoring (offline mode).,26.2,496
INV0483,Pinnacle Ventures,VC,Norway,Europe,Series A; Series B,2000000,10000000,B2B SaaS; Enterprise Software,Invests Series A-Series B in Europe across B2B SaaS and Enterprise Software. Prefers rounds with a clear 18-month path to the next milestone.,"PayNordic, MetricHub",https://www.pinnacleventures.example.com,contact@pinnacleventures.example.com,0,55,30,65,Rubric-based demo scoring (offline mode).,26.2,497
INV0347,Quantum Family Office,Family Office,Austria,DACH,Series A; Series B; Growth,100000,400000,Deep Tech; Consumer,"Backs technical founders in Deep Tech and Consumer across DACH, Series A to Growth. Sector-agnostic within B2B; avoids capital-intensive hardware.","AgriSense, ShipRadar, LedgerOne",https://www.quantumfamilyoffice.example.com,contact@quantumfamilyoffice.example.com,0,55,12,100,Rubric-based demo scoring (offline mode).,26.1,498
INV0192,Isar Growth,VC,United States,Global,Series A,1000000,3000000,B2B SaaS; AI/ML; Logistics,"Backs technical founders in B2B SaaS and AI/ML across Global, Series A to Series A. Sector-agnostic within B2B; avoids capital-intensive hardware.","LedgerOne, SecureLoop",https://www.isargrowth.example.com,contact@isargrowth.example.com,0,55,40,35,Rubric-based demo scoring (offline mode).,25.2,499
INV0210,Ember VC,VC,Singapore,Global,Series A; Series B,1000000,8000000,Consumer; PropTech,Invests Series A-Series B in Global across Consumer and PropTech. Prefers rounds with a clear 18-month path to the next milestone.,"RetailPulse, Fleetbase, DocuSpeed",https://www.embervc.example.com,contact@embervc.example.com,0,55,40,35,Rubric-based demo scoring (offline mode).,25.2,500
INV0118,Polar Ventures,VC,United States,Global,Series A; Series B,1000000,3000000,Cybersecurity; Consumer,"Backs technical founders in Cybersecurity and Consumer across Global, Series A to Series B. Sector-agnostic within B2B; avoids capital-intensive hardware.","Stackline, CloudMesh",https://www.polarventures.example.com,contact@polarventures.example.com,0,55,40,35,Rubric-based demo scoring (offline mode).,25.2,501
INV0250,Stefan Weber,Angel,United Kingdom,Europe,Series A; Series B,50000,300000,Logistics; Deep Tech; Climate Tech,"Europe fund focused on Logistics, Deep Tech and data infrastructure at Series A stage. Thesis-driven around applied AI; healthcare exposure limited to a few portfolio bets.","LedgerOne, RetailPulse, TalentGrid",https://www.stefanweber.example.com,contact@stefanweber.example.com,9,55,4,65,Rubric-based demo scoring (offline mode).,25.1,502
INV0174,Tobias Wagner,Angel,Austria,DACH,Series A; Series B; Growth,50000,300000,AI/ML; Enterprise Software,"Backs technical founders in AI/ML and Enterprise Software across DACH, Series A to Growth. Sector-agnostic within B2B; avoids capital-intensive hardware.","PayNordic, RetailPulse, DataForge",https://www.tobiaswagner.example.com,contact@tobiaswagner.example.com,0,55,4,100,Rubric-based demo scoring (offline mode).,24.6,503
INV0512,Florian Zimmermann,Angel,United States,Global,Series A; Series B; Growth,25000,100000,Enterprise Software; Climate Tech; AI/ML,"Backs technical founders in Enterprise Software and Climate Tech across Global, Series A to Growth. Sector-agnostic within B2B; avoids capital-intensive hardware.","MetricHub, AgriSense",https://www.florianzimmermann.example.com,contact@florianzimmermann.example.com,0,55,30,35,Rubric-based demo scoring (offline mode).,23.2,504
INV0482,Riverside Growth,VC,Singapore,Global,Series A; Series B,2000000,16000000,Logistics; AI/ML,Invests Series A-Series B in Global across Logistics and AI/ML. Prefers rounds with a clear 18-month path to the next milestone.,"CloudMesh, DataForge, EnergyKit",https://www.riversidegrowth.example.com,contact@riversidegrowth.example.com,0,55,30,35,Rubric-based demo scoring (offline mode).,23.2,505
INV0036,Baltic Partners,VC,United States,Global,Series A; Series B,2000000,16000000,Industrial Tech; B2B SaaS; Climate Tech,"Backs technical founders in Industrial Tech and B2B SaaS across Global, Series A to Series B. Sector-agnostic within B2B; avoids capital-intensive hardware.","ShipRadar, Quotable, RetailPulse",https://www.balticpartners.example.com,contact@balticpartners.example.com,0,55,30,35,Rubric-based demo scoring (offline mode).,23.2,506
INV0310,Andreas Meier,Angel,United States,Global,Series A; Series B,25000,150000,Enterprise Software; Climate Tech; BioTech,Invests Series A-Series B in Global across Enterprise Software and Climate Tech. Prefers rounds with a clear 18-month path to the next milestone.,"TalentGrid, RetailPulse",https://www.andreasmeier.example.com,contact@andreasmeier.example.com,0,55,30,35,Rubric-based demo scoring (offline mode).,23.2,507
INV0083,Lumen Ventures,VC,Germany,DACH,Series B; Growth,2000000,10000000,Consumer; B2B SaaS,"DACH fund focused on Consumer, B2B SaaS and data infrastructure at Series B stage. Thesis-driven around applied AI; healthcare exposure limited to a few portfolio bets.","RetailPulse, PayNordic",https://www.lumenventures.example.com,contact@lumenventures.example.com,9,10,30,100,Rubric-based demo scoring (offline mode).,22.6,508
INV0045,Pinnacle VC,VC,Germany,DACH,Series B; Growth,250000,750000,Cybersecurity; PropTech; Climate Tech,"Backs technical founders in Cybersecurity and PropTech across DACH, Series B to Growth. Sector-agnostic within B2B; avoids capital-intensive hardware.","MetricHub, PayNordic, LedgerOne",https://www.pinnaclevc.example.com,contact@pinnaclevc.example.com,0,10,40,100,Rubric-based demo scoring (offline mode).,20.5,509
INV0420,Baltic Ventures,VC,Switzerland,DACH,Series B; Growth,1000000,3000000,Deep Tech; Enterprise Software,Invests Series B-Growth in DACH across Deep Tech and Enterprise Software. Prefers rounds with a clear 18-month path to the next milestone.,"PayNordic, TalentGrid",https://www.balticventures.example.com,contact@balticventures.example.com,0,10,40,100,Rubric-based demo scoring (offline mode).,20.5,510
INV0488,Kepler Holding,Family Office,United States,Global,Series A,100000,400000,AI/ML; Deep Tech,"Backs technical founders in AI/ML and Deep Tech across Global, Series A to Series A. Sector-agnostic within B2B; avoids capital-intensive hardware.","ShipRadar, TalentGrid",https://www.keplerholding.example.com,contact@keplerholding.example.com,0,55,12,35,Rubric-based demo scoring (offline mode).,19.6,511
INV0197,Ingrid Schröder,Angel,Sweden,Europe,Series B; Growth,50000,200000,Industrial Tech; FinTech,"Europe fund focused on Industrial Tech, FinTech and data infrastructure at Series B stage. Thesis-driven around applied AI; healthcare exposure limited to a few portfolio bets.","SecureLoop, Quotable, CloudMesh",https://www.ingridschroeder.example.com,contact@ingridschroeder.example.com,9,10,30,65,Rubric-based demo scoring (offline mode).,19.1,512
INV0449,Maximilian Werner,Angel,Austria,DACH,Series B,25000,250000,Industrial Tech; FinTech; Consumer,Invests Series B-Series B in DACH across Industrial Tech and FinTech. Prefers rounds with a clear 18-month path to the next milestone.,"SecureLoop, TalentGrid, Stackline",https://www.maximilianwerner.example.com,contact@maximilianwerner.example.com,0,10,30,100,Rubric-based demo scoring (offline mode).,18.5,513
INV0395,Julia Werner,Angel,Austria,DACH,Series B; Growth,25000,250000,Industrial Tech; Cybersecurity,Invests Series B-Growth in DACH across Industrial Tech and Cybersecurity. Prefers rounds with a clear 18-month path to the next milestone.,"MetricHub, CloudMesh, TalentGrid",https://www.juliawerner.example.com,contact@juliawerner.example.com,0,10,30,100,Rubric-based demo scoring (offline mode).,18.5,514
INV0272,Tyrol Ventures,VC,Germany,DACH,Series B; Growth,2000000,6000000,PropTech; B2B SaaS; Industrial Tech,Invests Series B-Growth in DACH across PropTech and B2B SaaS. Prefers rounds with a clear 18-month path to the next milestone.,"PayNordic, DocuSpeed, TalentGrid",https://www.tyrolventures.example.com,contact@tyrolventures.example.com,0,10,30,100,Rubric-based demo scoring (offline mode).,18.5,515
INV0495,Pieter Novak,Angel,United States,Global,Series A,50000,300000,PropTech; Cybersecurity,"Backs technical founders in PropTech and Cybersecurity across Global, Series A to Series A. Sector-agnostic within B2B; avoids capital-intensive hardware.","AgriSense, DocuSpeed",https://www.pieternovak.example.com,contact@pieternovak.example.com,0,55,4,35,Rubric-based demo scoring (offline mode).,18.1,516
INV0276,Kepler Innovation Fund,CVC,France,Europe,Series B; Growth,250000,750000,Industrial Tech; AI/ML; PropTech,"Backs technical founders in Industrial Tech and AI/ML across Europe, Series B to Growth. Sector-agnostic within B2B; avoids capital-intensive hardware.","BuildOS, RetailPulse",https://www.keplerinnovationfund.example.com,contact@keplerinnovationfund.example.com,0,10,40,65,Rubric-based demo scoring (offline mode).,17.0,517
INV0054,Pieter Lindqvist,Angel,Netherlands,Europe,Series B; Growth,10000,60000,Logistics; Deep Tech; Consumer,Invests Series B-Growth in Europe across Logistics and Deep Tech. Prefers rounds with a clear 18-month path to the next milestone.,"ShipRadar, MetricHub, DocuSpeed",https://www.pieterlindqvist.example.com,contact@pieterlindqvist.example.com,0,10,30,65,Rubric-based demo scoring (offline mode).,15.0,518
INV0114,BasilMed Innovation Fund,CVC,Canada,Global,Series B; Growth,1000000,8000000,FinTech; AI/ML,Invests Series B-Growth in Global across FinTech and AI/ML. Prefers rounds with a clear 18-month path to the next milestone.,"DocuSpeed, AgriSense, BuildOS",https://www.basilmedinnovationfund.example.com,contact@basilmedinnovationfund.example.com,0,10,40,35,Rubric-based demo scoring (offline mode).,14.0,519
INV0455,Juno Venture Partners,VC,United States,Global,Series B,1000000,3000000,Cybersecurity; Industrial Tech,"Backs technical founders in Cybersecurity and Industrial Tech across Global, Series B to Series B. Sector-agnostic within B2B; avoids capital-intensive hardware.","ShipRadar, BuildOS, Stackline",https://www.junoventurepartners.example.com,contact@junoventurepartners.example.com,0,10,40,35,Rubric-based demo scoring (offline mode).,14.0,520
